2,2.861479192318018E-4,4.2954518632663795E-5
3,4.1052795779677526E-4,2.4384063565938892E-4
2,2.621460175887953E-4,4.97726653253856E-4
2,2.764874303831684E-4,1.9664965062502152E-4
2,2.8254977730352753E-4,6.448163801797936E-5
2,2.696975575951819E-4,4.4089229108088056E-4
2,2.811481202650984E-4,2.069135316334354E-4
3,3.935230697752605E-4,7.497817283694335E-5
2,2.9691956854109624E-4,7.360662208802757E-5
2,2.76320366774044E-4,1.443455612059143E-4
2,2.6425080305574685E-4,5.876179306918734E-4
2,2.7026832258159663E-4,1.2380145822617856E-4
3,3.8989676865770843E-4,8.042958376127E-4
2,2.7594091032175235E-4,8.713900673099587E-5
2,2.846806879757586E-4,2.664977157952695E-4
44,0.004581379426797966,0.06829259111153325
2,2.9738700445139203E-4,1.7386183090375027E-5
61,0.0063872738742215,0.12277064508518433
2,2.8166472085631886E-4,8.666838593605753E-5
52,0.005621383227219509,0.08114224873918537
2,2.6213844116926006E-4,9.496343040341383E-5
28,0.002938408346811191,0.043155151884999444
2,2.9051043199279685E-4,4.404869907205732E-5
98,0.010220768471803785,0.24210451155896118
2,2.687775235951669E-4,2.447348071399143E-4
9,9.859366566184267E-4,0.006324714785707416
2,2.7925772931150343E-4,5.082106634258699E-5
34,0.0036543669414187308,0.050057448244179355
2,2.5678251713609924E-4,6.62545125344132E-4
17,0.0017708190325224072,0.02238267135568527
35,0.0037045783187331835,0.06897506486455425
4,5.140445080315118E-4,0.0018809240751044643
2,2.836293806242695E-4,1.9101641518681566E-5
4,5.241261803107465E-4,6.655019269697856E-4
2,2.6921279697838564E-4,1.45329417534265E-4
2,2.793171768859791E-4,9.549712231322842E-5
4,5.301779624092926E-4,0.0010892376120933576
3,4.0097726522581235E-4,7.685547071960697E-4
5,6.425821665328241E-4,0.0024220003181844633
2,2.8545535914630547E-4,1.039808060227056E-4
3,4.391762863044686E-4,4.720828208961095E-4
2,2.728717975636105E-4,7.178321741120746E-4
2,2.5678251713609924E-4,6.62545125344132E-4
2,2.859128082336268E-4,1.5436647182043452E-4
2,2.7668393274672063E-4,1.3147947617264333E-4
3,3.90855570660806E-4,0.0015972416394750982
2,2.901856126508871E-4,1.0480640964044034E-4
3,4.0889425192137545E-4,1.794865306126783E-4
2,2.878640631938888E-4,9.162747424574272E-5
2,2.757330948176104E-4,3.769554621617258E-5
2,2.7048885582124464E-4,2.29572553509909E-4
4,5.158926395686679E-4,2.9288476308047466E-4
2,2.680180337924866E-4,2.2895245918346945E-4
4,5.127458063581921E-4,7.359209446986151E-4
4,5.199387810204892E-4,0.0010444737855406828
4,5.474180377037484E-4,4.498863686515415E-4
4,5.360211976094085E-4,0.0014860264697842387
3,4.159876405786381E-4,1.7224342921362776E-4
3,3.9462721910802457E-4,6.774023318891374E-4
2,2.745478237852265E-4,1.968829854562607E-4
2,2.8030247734287965E-4,1.0509093883138192E-4
2,2.817272617331272E-4,1.19367001747831E-4
2,2.661434389219309E-4,3.3711544489863527E-4
2,2.670263849749659E-4,3.0441211655479045E-4
3,4.218251913533376E-4,7.928692225637412E-4
4,5.06605601260937E-4,0.0013840959711371684
3,3.866999166325468E-4,0.0013861817283959787
4,5.214529401674892E-4,0.0012884637768095747
3,4.0303320081303337E-4,2.9719669453732864E-4
2,2.704219824430133E-4,1.259997694474449E-4
3,3.982202396260781E-4,2.75397456991845E-4
3,3.978875365899216E-4,3.5073809233252516E-4
4,5.375483883594159E-4,8.902296259004136E-4
2,2.878715912927614E-4,1.5099042557144087E-4
3,4.1906369761099106E-4,3.1412685751124E-4
3,4.053447165298282E-4,2.932753606671714E-4
2,2.8927057317361735E-4,6.916711048187759E-5
6,7.560545258796929E-4,0.0027085310816729073
3,4.07569810874792E-4,4.8039708049451484E-4
2,2.7497772003474887E-4,1.8354845756250298E-4
2,2.7511923754792663E-4,1.1331966397024051E-4
3,4.0676817108050806E-4,1.8665356595165016E-4
2,2.8447705555696495E-4,4.029575441593072E-5
2,2.6923835477661725E-4,1.6226220006329835E-4
2,2.978781950027665E-4,9.747289666813768E-5
4,5.144788821959877E-4,9.074059427279461E-4
2,2.8022498307019326E-4,1.5572172345461907E-4
3,3.829210046351842E-4,9.912565402129389E-4
2,2.980531601798812E-4,3.4726231583059235E-4
3,3.755904190590667E-4,8.111854746781194E-4
2,2.594129040669348E-4,8.589551684030087E-4
3,3.8901406583275437E-4,3.0655734478708967E-4
2,2.5788908334007044E-4,6.661397323188697E-4
3,3.8563224560030887E-4,7.841560458484387E-4
2,2.931097873569857E-4,7.517369626659697E-5
5,6.1589410059527E-4,8.421744219543929E-4
3,3.733950275364332E-4,6.059179747494289E-4
3,4.0750640198459337E-4,2.524295317047921E-4
3,3.9210811546487123E-4,4.3817874682531953E-4
3,3.960607264667486E-4,2.6200514735481416E-4
4,4.970986579255623E-4,5.455706987013192E-4
3,3.945711771562139E-4,6.2506822813452E-4
3,4.139803862191056E-4,3.5969686887888676E-4
2,2.599013533242884E-4,3.0849882361676587E-4
3,3.8774964671236595E-4,6.678280671955281E-4
2,2.9170740349850917E-4,8.505856404100341E-5
2,2.681123850222541E-4,8.682881764707097E-5
3,3.8815912898115004E-4,1.5115897306665937E-4
3,4.010524328009911E-4,9.877525178610186E-4
5,5.866681458636815E-4,0.0024922690158289793
3,4.0742067617937196E-4,3.79496431980667E-4
3,3.933477816716041E-4,5.159561438581326E-4
3,4.006425279721066E-4,1.801827803429842E-4
6,7.107116422065872E-4,0.005585821487868491
3,3.8985278014928474E-4,8.133251681182426E-4
2,2.77967875590756E-4,1.8202211384765834E-5
4,5.056235767591135E-4,0.0011440996975440691
4,5.297948485351834E-4,0.0010129284059105436
2,2.656107111495153E-4,5.017334904044168E-4
3,3.8061894412777324E-4,0.0013576347675013846
2,2.7467208258645363E-4,1.0160980432027332E-4
3,4.142588118467729E-4,5.013408497252502E-4
4,5.101053203812271E-4,0.0011523667336363714
2,2.9478896707112797E-4,6.30635275673639E-5
3,4.1150219188276847E-4,4.909339908168583E-4
5,6.339996330734663E-4,7.245360688502765E-4
4,5.155767761165713E-4,7.811056077161085E-4
3,3.971681153565895E-4,3.215516751410803E-4
2,2.838146787140394E-4,1.295702214759837E-4
2,2.8627966715687517E-4,8.055325621919979E-5
3,4.0671838816552504E-4,3.051314506275901E-4
6,7.667929362077934E-4,0.0028393355821988106
2,2.7772416273236944E-4,1.4642706524993593E-4
4,5.229883612487575E-4,6.540936572565571E-4
4,5.19941564398815E-4,0.0011392080117490328
5,6.022377983077892E-4,0.004483257361528032
2,2.751215534088161E-4,2.148100368936652E-4
3,3.858700689530284E-4,2.610888035688338E-4
2,2.7572073112146716E-4,4.73408049367667E-5
6,7.345668067630573E-4,0.0015648984304217793
4,4.993342051048337E-4,6.665705347538851E-4
3,3.8937119752795326E-4,2.9003140579538173E-4
8,9.641330450829714E-4,0.0037892353502435128
2,2.7273488550108853E-4,7.531702176187446E-5
3,3.8555552499302235E-4,2.7903392644764666E-4
2,2.7203634404509E-4,1.8343545977527487E-4
4,5.255109775766269E-4,6.397217913056901E-4
2,2.7035809649259376E-4,1.9321805161107923E-4
2,2.6947983379551005E-4,3.730359149660204E-4
3,4.061300782862764E-4,6.189468878975913E-4
7,8.678906013169012E-4,0.0019298504185424762
2,2.769274334154892E-4,1.3673199992834075E-4
2,2.7281980270585897E-4,1.026974828806352E-4
6,7.577183283545751E-4,9.751690512746734E-4
2,2.6748927585077624E-4,3.5788150499102295E-4
3,3.8837839932183866E-4,0.001041957384776576
2,2.729891002093389E-4,1.3299111280990966E-4
3,3.826033635823929E-4,8.849603756857899E-4
2,2.7474730444613474E-4,9.4890980750326E-5
4,5.177570051538757E-4,5.986044235757073E-4
4,4.948297594532072E-4,8.586798432363279E-4
3,3.9210021512098135E-4,0.0011589922573403987
2,2.718321896606518E-4,3.155966723529689E-4
6,7.548004102719307E-4,0.001937239431991132
4,5.486836855002056E-4,0.0014369675345033493
3,3.9770984188799074E-4,3.1254193467736226E-4
2,2.720282561619926E-4,1.1666804019911872E-4
3,4.1481903937789783E-4,4.918836463966647E-4
3,3.907924739205483E-4,8.551108022097039E-4
2,2.9153179792829216E-4,9.719080132324793E-5
2,2.608192656927382E-4,5.904571128696914E-4
2,2.8915292207269835E-4,8.596703631312426E-5
2,2.676977657641189E-4,1.511920503550212E-4
4,5.088777517894662E-4,9.220852056892962E-4
2,2.594355928203238E-4,3.926436275329759E-4
4,5.152670088446648E-4,9.05395912149401E-4
3,3.8550546260806716E-4,9.449418351309389E-4
3,4.1347543918908555E-4,2.0335760222958482E-4
3,4.175466542064777E-4,3.4396607576636813E-4
6,7.544181585092808E-4,0.001459108725870111
2,2.9248759565553273E-4,7.385951777318531E-5
6,7.565379855770701E-4,0.0033269590659926805
2,2.8826328210400745E-4,1.1015043515224819E-4
3,4.0569022185746046E-4,2.917168042344563E-4
2,2.7080860776873355E-4,3.929763953600331E-4
2,2.584425714622375E-4,0.0
3,4.14763721272766E-4,1.7556683673040265E-4
3,4.004427670095113E-4,5.856446002462783E-4
2,2.8325585152088196E-4,4.4889425518137114E-5
3,3.946685931189391E-4,4.943305904000103E-5
3,3.8863747301874743E-4,6.556203204657115E-4
3,3.77500157678942E-4,5.887588477407295E-4
2,2.9649248409093935E-4,1.5921877257516482E-4
2,2.87054516957988E-4,9.004845319710456E-5
4,5.113564849975692E-4,9.950146999739647E-4
6,7.607919682027679E-4,0.0015960549886363214
3,4.0294302758923846E-4,0.0010131804354818123
3,4.0062231385066724E-4,2.9405108246530247E-4
2,2.541205483342919E-4,8.76138505612667E-4
2,2.8774952302206783E-4,2.6078042644959426E-5
2,2.675931454750682E-4,2.4575546892107174E-4
2,2.748941349062027E-4,3.990737193173856E-4
3,4.0008334339733696E-4,5.774404276010636E-4
2,2.835455414739281E-4,5.710628833875045E-5
3,4.0966561840140883E-4,1.0796294236858205E-4
5,6.268866083651956E-4,0.0016731577263890513
3,4.0003842544903843E-4,4.977033739412706E-4
4,5.005650050554003E-4,0.0021331432059395346
3,4.058511007764153E-4,2.041813070153474E-4
2,2.7223949600343095E-4,2.3728074882429245E-4
2,2.799000621720696E-4,2.9597611155561344E-5
3,4.0667686121503567E-4,3.054915628003564E-4
2,2.687352734900634E-4,1.6164849905544424E-4
4,4.96363752353955E-4,6.988342024095454E-4
2,2.643967063902407E-4,3.7870766644243237E-4
3,4.1180107529981006E-4,4.827517859698199E-4
3,3.880335639838225E-4,2.4766201162833035E-4
2,2.5930002215426433E-4,9.424606861405434E-4
3,4.011064198545238E-4,4.769491569951508E-4
5,6.536661187359667E-4,0.0015059909506965948
5,6.064532100592427E-4,0.0012845603655669362
4,5.153622476889299E-4,0.0012799640040968778
4,5.007715259336195E-4,0.0011448147489069808
2,2.625070350398804E-4,5.304562670588236E-4
3,4.0380133699771073E-4,3.9225316164659353E-4
2,2.577238768789583E-4,5.423121293412292E-4
4,5.049425637429873E-4,0.0014028524690006049
3,4.060090888870835E-4,3.424974849595932E-4
7,8.519970558882065E-4,0.001532751039211718
5,6.246684522503241E-4,0.001975700343092891
3,3.757946552892261E-4,1.4746440454154367E-4
4,4.940207457784183E-4,3.7013431758509943E-4
3,4.046527245608481E-4,2.752785181813472E-4
3,3.953012741032042E-4,4.787832065692169E-4
12,0.0014118153196232756,0.004185157585933628
5,6.069051363489104E-4,0.0027784416459056996
5,6.093252627267155E-4,0.0025894051017088734
3,3.911304709080375E-4,8.803330702593617E-4
5,6.602578682622261E-4,0.0012870535980638188
2,2.737572151398977E-4,9.58353182948387E-5
6,7.489226086889002E-4,0.0015548613802193402
11,0.00125719986466232,0.004509410269801782
3,3.8657250442753263E-4,0.0011801293706834312
3,3.719240700208716E-4,7.143759266371974E-4
6,7.508861895742915E-4,0.0016739589965621836
5,6.00035567411105E-4,0.0015368565262370631
3,4.063358518330029E-4,7.369698598630081E-4
6,7.351891684670025E-4,0.004030877767214405
2,2.6494634248527235E-4,4.7450082625607955E-4
4,5.087133367374738E-4,0.001865708649799021
2,2.973686584082923E-4,9.193430387107795E-5
7,8.260199047585702E-4,0.0024033650240668997
3,3.980300970489954E-4,3.995483531601894E-4
7,8.305696319104649E-4,0.002866787465491295
7,8.454633929576277E-4,0.0036678260929147947
8,9.380414894319115E-4,0.0060305940615389365
8,9.421604129253727E-4,0.005325243410347742
3,4.0173953880347343E-4,2.560924182494971E-4
4,4.8440843194582576E-4,0.002408556110401918
3,4.1365529129469737E-4,1.555660785989656E-4
6,7.391490028843632E-4,0.0014475189380537326
5,5.957958133456177E-4,0.0018824128395589176
5,6.134807626472264E-4,0.0012656609799789951
3,3.9320875920756415E-4,4.1550032801320684E-4
2,2.6802090737821857E-4,1.1629563921217187E-4
6,6.986460722831038E-4,0.002904672748773894
5,6.125260766578657E-4,0.001670287335887658
7,8.099838858081559E-4,0.001735451537557372
8,9.830400330312233E-4,0.0020604932227046083
4,5.049020613529262E-4,9.676904400857552E-4
3,3.912825112081213E-4,4.957723168684568E-4
6,7.404447657318384E-4,0.0034794281420050333
3,3.9169072809682034E-4,6.16522835764805E-4
3,3.6531268547843564E-4,0.0012648168103987264
5,5.861233994171081E-4,0.00139605034686541
2,2.614021135330505E-4,7.268636709016354E-4
5,6.022609856720668E-4,0.001777274466516004
5,5.785423649777951E-4,0.002473557214947725
9,0.0010611715363208739,0.003942034957789196
5,6.275271075143958E-4,0.0019022146964894964
11,0.001250963670876764,0.004387525518351299
9,0.0010716034227417563,0.003029523492328855
3,3.872753069216999E-4,5.816751602665171E-4
5,5.941649513986045E-4,0.0014465084874525184
4,4.986441525906485E-4,9.717375617852396E-4
8,9.270349627392071E-4,0.005778421971822584
3,3.7284360846605644E-4,8.847876595421214E-4
2,2.6622168258396176E-4,1.8776354956055337E-4
4,4.963839501692747E-4,0.0015836281013079084
10,0.0011768354450629134,0.0044377009069486
9,0.0010261729390697895,0.00778049953681605
10,0.0011579690761176996,0.006721227311594023
3,3.727016532559639E-4,9.578951417665904E-4
6,7.118934182367178E-4,0.0026901216967504787
6,6.995641634992973E-4,0.0026214512155482996
3,3.765983982802213E-4,7.063026883306688E-4
13,0.0014845317029526042,0.009122110946488663
2,2.998400410747162E-4,8.534159657359275E-5
2,2.6691672097696093E-4,3.97359562052359E-4
4,4.886322231962729E-4,9.685119727309522E-4
3,3.7311346936625024E-4,4.4006057715745755E-4
6,7.106514275447861E-4,0.002403210717575158
3,3.825515472648634E-4,2.475847025354675E-4
4,4.958732359311577E-4,7.564825677913392E-4
3,3.7635565465648043E-4,5.731172702053658E-4
3,3.6442123229524E-4,0.0016264905580309272
4,5.027780813583847E-4,0.0011003217495736807
4,4.886871317483148E-4,0.0012208187189852956
5,5.711949139731191E-4,0.0013153484493083943
3,3.936828871632279E-4,8.996142079672987E-4
2,2.8394546732882426E-4,1.2145414307850825E-4
2,2.894173499342879E-4,1.1106562171081869E-4
2,2.8391196316380774E-4,9.949163561966598E-5
2,2.8646043608791127E-4,2.3220799090760224E-5
2,2.8179232470871635E-4,4.6596270443016816E-4
2,2.8523408136094444E-4,9.631956175318513E-5
2,2.8039219484725397E-4,7.026740708006689E-5
2,3.0251821618764693E-4,3.705717756929809E-5
11,0.0012377191151590103,0.005988985715899318
6,7.270187954452963E-4,0.0015331721880803017
7,8.235205121934297E-4,0.0035819412182587825
2,2.668768181466081E-4,2.878419774816769E-4
2,2.7209597901388843E-4,1.560786653478763E-4
7,8.301651993467002E-4,0.004605607006462899
7,8.21046463135931E-4,0.006180060113717494
3,3.6596242885472496E-4,4.762997118542619E-4
6,7.308319590113638E-4,0.0034526135633750235
3,3.7190361978767185E-4,5.943382250917252E-4
5,6.139435137086945E-4,0.002148839311715641
2,2.836268577101948E-4,9.356867863852493E-5
2,2.6315557731141433E-4,2.0475749559398807E-4
2,3.0854463398586213E-4,1.2683073466020418E-4
2,2.95167391751446E-4,6.629101965306123E-5
2,2.802944493057096E-4,4.7892949502673446E-4
2,2.9887193056202195E-4,1.9707773171192224E-4
2,3.0162685445964024E-4,1.2491034829689539E-5
2,3.1252125398531505E-4,9.688513734278479E-5
6,7.2252932621996E-4,0.003291100765224082
6,7.362661521114399E-4,0.0019333078847768922
3,3.862743584112004E-4,1.461064165632328E-4
4,4.897661638441394E-4,9.098521707641292E-4
3,3.970611753446565E-4,3.228377465841906E-4
2,2.73500347514812E-4,1.424442892730214E-4
7,8.380256416844891E-4,0.003390906761723441
2,2.6754049559568534E-4,2.5163505058303586E-4
10,0.0011505513561333518,0.008682302461381243
4,4.922910719257266E-4,8.910452573994705E-4
11,0.0012948577981282345,0.004854692277846459
3,3.749755625625947E-4,0.0019302256753943817
2,2.7917747449816453E-4,6.198667761353778E-5
2,2.78081407120041E-4,1.1885306893989369E-4
2,2.9516878669150426E-4,6.324868672548395E-5
2,2.8640981359113083E-4,1.6241448846794358E-4
2,2.8271893752297136E-4,2.983209684023711E-4
2,2.842955873348738E-4,2.211302505094433E-4
3,3.940570715670471E-4,5.009188458321033E-4
2,2.860294181504026E-4,2.13020135826413E-4
12,0.0013564407340793177,0.00570444550242414
11,0.0012960427668806207,0.004757217131801736
3,3.7016853546021196E-4,0.0014212688571334248
5,5.93151615537554E-4,0.0020369365400476776
5,6.22098896604346E-4,0.001532731028011547
9,0.0010601997542416875,0.0033006488896447183
2,2.7171399648545397E-4,7.825335028316481E-4
6,7.179454470378085E-4,0.004653538505802599
2,2.8326387374390705E-4,2.678465283951034E-5
4,4.888762686116396E-4,0.002008778339433902
2,2.86306724141678E-4,4.239002603127732E-5
9,0.0010656252095796322,0.002956987509670866
3,3.9448404829223237E-4,3.6188513564538804E-4
2,2.643504406731746E-4,4.3569594941148974E-4
2,3.022458565668518E-4,1.0760323008274059E-4
2,3.019622909677793E-4,4.980256096680932E-5
2,2.864722133428025E-4,9.289402398930017E-5
2,2.7554854110940584E-4,7.078615209966644E-5
2,3.069104616506984E-4,4.4129123089023976E-5
2,3.090876198587653E-4,1.3659233340169473E-4
9,0.0010318167877748747,0.003549881662298459
3,3.6879379028710693E-4,9.102875455827612E-4
6,7.171623309767842E-4,0.001423420918469613
4,5.104773607477106E-4,7.654330402895022E-4
7,8.325773528378951E-4,0.0020007653092240004
7,7.97827107389964E-4,0.003571659198266829
4,4.894311833736154E-4,0.0010734025768648944
2,2.727298473649539E-4,1.2865321542788693E-4
3,3.7268448710707296E-4,0.0011201115560002613
2,2.7096392700710144E-4,2.6522641862596356E-4
4,4.963716818714626E-4,0.0013625380270905897
2,2.7901425802474665E-4,8.718393652191088E-5
9,0.0010576985910614295,0.007299925274430703
2,3.078555953856981E-4,5.512643681143133E-5
2,2.7982497741163977E-4,6.687024385603341E-4
2,2.84524533458504E-4,2.9316244974911075E-4
2,3.006103572416323E-4,5.80023080906538E-5
2,2.7376037617160684E-4,1.0082913301031825E-4
2,2.8929904250177675E-4,1.8227904120536291E-4
2,2.982971744671982E-4,7.549155574165137E-5
9,0.0010227992509809784,0.005111697662919328
7,8.295734231301301E-4,0.0030266028828458778
11,0.001295026538781988,0.00906491619723491
2,2.599409276809512E-4,5.352463467618059E-4
8,9.760338251502947E-4,0.002343216083220532
7,8.233247417812068E-4,0.0037214485930628823
6,7.023694753356499E-4,0.001945058927149005
5,6.238537344046808E-4,0.001876847813164232
2,2.876780059421558E-4,1.0461268653388918E-4
3,3.8601268447701487E-4,5.00093263562129E-4
2,2.6531343859873577E-4,6.808478523378245E-5
6,7.531809884224988E-4,0.003678637534911345
2,3.084692000810789E-4,7.876695471869045E-5
2,2.8360940141328877E-4,1.4097462649532983E-4
2,2.7032578174795394E-4,1.2038356955801534E-4
2,2.827988600250368E-4,5.7139249273636024E-5
2,2.641321877667137E-4,3.404838642333488E-4
2,2.9035049693488396E-4,4.869862447720217E-5
2,2.958227307179098E-4,2.9062579986734868E-5
2,2.9126907035258333E-4,8.5828273244995E-5
2,2.8222667352656157E-4,1.4850716315173844E-4
2,2.7232042074578814E-4,1.6385719521260314E-4
2,2.864157751183397E-4,1.5893368163690782E-4
2,2.759217993412757E-4,1.2335419077423313E-4
2,2.9097387455576833E-4,1.643212418305681E-4
2,2.7758573605732816E-4,8.646904798935663E-4
2,3.0553386969695863E-4,2.2413587169474396E-4
2,2.9261017166029867E-4,7.45448419943562E-5
2,2.7554938951204484E-4,3.470485215722248E-4
2,2.767057069503013E-4,1.4400760008463097E-4
2,2.5805506571577346E-4,3.9716575925318083E-4
2,2.816748571017451E-4,5.468707590942024E-5
2,2.7967256453874866E-4,6.465611160425608E-5
2,2.7693213424730313E-4,1.293925081916987E-4
2,2.6444441960977256E-4,2.288714795200296E-4
2,2.935964194594399E-4,7.8920944795742E-5
2,2.8564744616680374E-4,2.3945292302257842E-4
2,2.9199407931710563E-4,1.0567968760465128E-4
2,2.762654936155306E-4,1.0746447532497353E-4
2,2.740775815086828E-4,7.917000592625274E-5
2,3.047560811270786E-4,4.809172367947255E-5
2,2.7447823385056666E-4,0.0011150992897796207
2,2.7946391793994316E-4,1.487508663542387E-4
2,2.980739393041462E-4,1.2911579198650954E-4
2,2.766503322723734E-4,6.653026185010715E-5
2,2.89897253789882E-4,4.3244137510142853E-4
2,2.850740110548611E-4,1.4996693463698488E-4
2,3.1895041759469784E-4,7.119313945510874E-5
2,2.8834076484355383E-4,2.0951480062819756E-4
2,2.793973545738386E-4,5.150822898482405E-4
2,2.645914874664487E-4,3.7348774075704163E-4
2,2.642446328199983E-4,3.6127229936312543E-4
2,2.752781581456603E-4,4.333791853519209E-5
2,2.925746577488627E-4,4.695014179803754E-5
2,2.778906384489683E-4,9.616526731514321E-4
2,2.9469111694628325E-4,8.717424807279573E-5
3,4.0651189372901075E-4,1.0188813115973036E-4
2,2.945717409076172E-4,6.806161302065119E-5
2,3.080495176880528E-4,4.743434755665713E-5
5,6.520636357256503E-4,9.799941672419652E-4
2,2.8389313801197903E-4,3.1007024228342386E-4
2,2.8928294308896193E-4,1.153833459369612E-4
2,3.1176324341277047E-4,1.3975822458875186E-4
2,2.7845401750636943E-4,2.1742204764941156E-4
2,2.6281414144116086E-4,4.811643956196365E-4
2,2.714996064130614E-4,1.976674546445219E-4
2,2.7901540990710665E-4,1.6985528024086811E-4
4,4.995948345975713E-4,0.0013368646501465532
2,2.9173873350611803E-4,5.477149592155814E-5
4,4.830749482252228E-4,0.0018710552428239952
2,2.930792765025299E-4,1.279040421536635E-4
2,2.8457069859246143E-4,1.4171936489799062E-4
2,2.8073526852877235E-4,5.4132546232465614E-5
2,2.690788749111441E-4,2.973883153813688E-4
2,2.851187836603695E-4,9.547001344820143E-5
3,3.9228358719929933E-4,5.988426725199077E-4
3,3.985048148859037E-4,2.1995807383591592E-4
3,4.0143626686492975E-4,5.738706483481863E-4
2,2.808167474439872E-4,2.9843802482114253E-4
2,2.977213319902981E-4,2.9544227541919203E-5
3,3.9737559235694686E-4,4.449135488094158E-4
2,2.975859028485786E-4,1.1386191077696434E-4
2,2.828264446339095E-4,8.529985454658735E-5
2,2.8395243047417683E-4,4.58574519409613E-5
3,4.0525860908248993E-4,4.857118304068316E-4
2,2.739016675759613E-4,8.584783863104495E-5
2,2.5539191624799034E-4,7.471531227284688E-4
2,3.06873957921114E-4,4.9493979043176264E-5
4,5.087884119637591E-4,5.884701889463448E-4
2,2.6881541601084003E-4,3.209362523467726E-4
2,2.8528465109486055E-4,1.3696761287614116E-4
2,2.934137926896469E-4,4.5943377606479834E-5
2,2.9989548583349334E-4,4.2889127036281385E-5
2,2.747746116627399E-4,1.7117864739750482E-4
2,2.911174283243078E-4,6.411250346484791E-5
2,2.9928911264300696E-4,8.812974852249901E-5
2,3.0728934086372167E-4,5.023737625332541E-5
2,2.872397723573702E-4,3.626037269676295E-5
2,2.9397308980319445E-4,8.063371182581289E-5
2,2.651131974083217E-4,3.377507673938876E-4
2,2.639065026463861E-4,1.1495382462365858E-4
3,4.025780827492695E-4,6.947906281592009E-4
3,4.1574244594641654E-4,2.784941287070983E-4
2,2.93749329977303E-4,3.934602109943938E-5
2,2.83493026553137E-4,9.117552316966324E-5
3,4.1062463857730036E-4,1.5452873688139138E-4
2,2.6674052102987247E-4,4.583399815413973E-4
2,2.747005650575831E-4,3.442228677887829E-4
4,5.399325678440767E-4,3.2638791672165305E-4
2,2.804356198480823E-4,0.0
2,2.923656848741208E-4,6.823542437802786E-5
2,2.875336130796464E-4,8.659869003420485E-5
2,2.804473470504059E-4,1.6755764133948898E-4
2,2.942219643505648E-4,1.0346612458630285E-4
3,4.187362392632118E-4,2.676888508315284E-4
2,2.7924487676755005E-4,1.121560055021607E-4
2,2.8847266582387196E-4,2.2688754216190727E-4
2,2.8217870292633135E-4,1.5372686889413362E-4
2,3.1633949571418797E-4,3.040571326090076E-5
3,4.0946764545173205E-4,2.1374040009142193E-4
2,2.680975267769237E-4,8.860102653966786E-4
2,2.924977995602829E-4,7.822832337732485E-5
3,4.0554483726103105E-4,1.9677675913488528E-4
3,4.351706179064425E-4,1.5448084727894606E-4
2,2.9078189123082774E-4,9.069874854118594E-5
2,2.779417545595458E-4,9.272920361081298E-5
2,2.9072293775766453E-4,4.532328757802422E-5
2,2.866598465668032E-4,1.7802327980326966E-4
2,2.8844095090926474E-4,1.472234702934816E-5
3,4.102152645810744E-4,1.095757568409839E-4
2,2.7181585614691114E-4,1.535203641224643E-4
2,2.70445883871985E-4,1.2919161806084205E-4
3,3.8845761212315336E-4,4.2306224755489784E-4
2,2.8015391250793174E-4,6.247356971656156E-4
2,2.8817150900013993E-4,9.27044505431262E-5
2,2.7725757557998406E-4,2.2353809657202025E-4
2,2.8219629253343776E-4,1.4517792839133313E-4
2,2.7089066749671397E-4,1.5634691366553133E-4
2,2.949203819388373E-4,4.420796608502657E-4
2,2.9472274729632516E-4,2.7813335452468355E-4
3,4.047247661672882E-4,0.0015466878150967162
2,2.7555438067351947E-4,9.731062043085307E-5
2,2.805910504429233E-4,2.871595249333901E-5
2,2.97150319206542E-4,2.7371764300082952E-5
3,3.8866942298811634E-4,3.2282842809630005E-4
2,2.91614565169043E-4,6.265471210851511E-5
3,4.2522162019994185E-4,1.667315848132557E-4
3,4.151951034870172E-4,2.49424864660961E-4
3,3.93972258873098E-4,6.890463653927106E-4
2,2.733328489887923E-4,3.0449992304533706E-4
2,2.859016067171756E-4,5.7991300805503364E-5
2,2.873246046729639E-4,1.3499342451929526E-4
2,2.9482839714783563E-4,2.3661019443414175E-4
2,2.9132572059239515E-4,1.5144535708286127E-4
3,3.7520109363340233E-4,4.3574906936451097E-4
2,2.886852807100058E-4,9.945116529470588E-5
2,2.8756648066089434E-4,6.905714533847388E-5
2,2.767120564720799E-4,1.7447892122267786E-4
3,3.8906524120224846E-4,0.0016241709990030622
3,3.953258102401672E-4,0.001412545297470645
2,2.64222050594413E-4,3.916966203448519E-4
4,5.229163149901625E-4,6.626173868543374E-4
4,5.141766984399369E-4,0.002251067347128673
2,2.85128405687267E-4,1.1126807881227235E-4
2,2.7858631252000314E-4,4.6772190275059687E-4
4,5.206770434587037E-4,0.002427117738631929
2,2.753196045597297E-4,1.253895325572912E-4
2,2.747904750608614E-4,8.643072389022414E-5
4,5.144519134705737E-4,0.0015305900477940479
2,2.9331224317989956E-4,1.5951887458216929E-4
2,2.7264480821354324E-4,4.756416945631001E-4
2,2.886091734853339E-4,1.01322578534173E-4
2,2.782130366975964E-4,6.0759270963046656E-5
2,2.76285998777021E-4,8.206187749416735E-5
2,2.713118069982327E-4,1.852939008175705E-4
3,4.114557376706923E-4,1.641220455602851E-4
2,3.027515167909804E-4,7.160557133309466E-5
3,3.948064388349802E-4,3.425419113293022E-4
3,4.104152463701435E-4,3.98156490722161E-4
4,5.14577611533385E-4,5.65576945795117E-4
2,2.7613303016017164E-4,5.626435389480577E-5
3,4.165267070370305E-4,1.2150423032596484E-4
2,2.8211629172131524E-4,3.901939855431712E-5
3,3.8712762771857923E-4,4.8449681369521814E-4
2,2.8262604234033834E-4,1.016343106538427E-4
3,3.820294313876139E-4,0.0018427836730272645
3,4.100667320314407E-4,2.5454173565586256E-4
2,2.6385890222087E-4,3.0987332805861733E-4
3,3.965482818295975E-4,7.812283183330302E-4
3,3.839908501582588E-4,6.682368178759656E-4
2,2.8050876918336436E-4,1.783670016448762E-4
3,3.9456779596677195E-4,1.3442644374815589E-4
3,3.804772552438254E-4,4.257207459294778E-4
5,6.294808690859896E-4,0.0027226463743003594
3,4.0718819978034185E-4,4.5539314403323413E-4
2,2.8255078263523273E-4,1.7987834201483812E-4
2,2.684859926379309E-4,3.4998368604830443E-4
2,2.648934412293762E-4,4.436461562178683E-4
5,5.949731710781152E-4,5.93269296420857E-4
4,5.168541018945416E-4,0.001729726596127858
4,5.147237434464181E-4,5.713006069103095E-4
2,2.8225690121018855E-4,9.682899315072224E-5
3,4.0794574066430853E-4,3.14257414616604E-4
2,2.856906429776352E-4,3.680339881202821E-4
2,2.8166410819955743E-4,5.873868392414352E-5
3,3.7229581182286075E-4,0.0017266092627824248
5,6.124038674344121E-4,0.003058312475627966
3,4.1656154510277767E-4,2.6642295835361255E-4
3,4.2049887710514E-4,1.6577616883814886E-4
2,2.719870549419965E-4,5.151807737001826E-5
2,2.7076361790799705E-4,1.4989664100509986E-4
4,5.036129264512831E-4,0.0012121248883926398
5,6.339634564631429E-4,0.0020308160634278307
2,2.7866744194586556E-4,7.008907963749357E-5
3,4.2879886003424205E-4,1.5889738759718432E-4
2,2.71243570826472E-4,8.587328851778237E-5
5,6.095825795040706E-4,8.770117443034758E-4
3,3.849489971267498E-4,0.0011629176809290417
5,6.240879950373952E-4,0.0011878001532688324
2,2.8840161783856344E-4,9.652060640790304E-5
2,2.7107963159911223E-4,1.5795928196259165E-4
3,3.721629629918244E-4,0.0021536402767026947
3,3.5744050932828646E-4,0.0015243769259629613
8,9.729617139712679E-4,0.0034231768844244187
2,2.723728030317664E-4,1.839421167146075E-4
2,2.828880606851096E-4,1.3008777418039818E-4
2,2.9398186822191625E-4,2.4259068899159008E-5
4,5.179295455575206E-4,8.581602258996346E-4
3,4.018963599628357E-4,6.974012637112688E-4
2,2.868940299771933E-4,1.9644161042278653E-4
3,4.0615583048120594E-4,2.0747983910144043E-4
2,2.91623230333566E-4,2.5273953841849613E-4
3,3.9744802435251947E-4,9.548735544353669E-4
3,4.046098890517915E-4,6.121495669963942E-4
3,3.890302743380231E-4,7.449458508009424E-4
4,5.138360529447978E-4,0.0014896999365358883
3,3.8017710834210394E-4,0.0011067324137333321
3,4.030397349613189E-4,0.0014216269869215584
2,2.8686028066141745E-4,1.1177496414240932E-4
9,0.001128026039284033,0.0030674301124996926
5,6.138714416575274E-4,0.0012395973803220864
3,3.805644008718049E-4,6.512837129579984E-4
4,4.8005721515571956E-4,0.0020899613645081715
2,2.923553189146428E-4,6.118291546428456E-5
2,2.7267433250254924E-4,2.136908204128529E-4
3,4.113109947083772E-4,2.974928538644021E-4
2,2.717506489434756E-4,6.988799393026643E-4
3,4.0589277263554634E-4,3.9762185442882405E-4
3,4.059283727245662E-4,2.360884068196174E-4
2,2.902608343728034E-4,1.3146414045278327E-4
2,2.794390403485386E-4,1.6977249308825398E-4
2,2.73561944280525E-4,8.173712816806755E-4
3,4.2596500815978556E-4,3.4868675983016994E-4
2,2.6962373679726803E-4,2.780887334469388E-4
3,3.894413021033159E-4,3.392349342681408E-4
7,8.350483671574928E-4,0.0034987962565340585
2,2.838942201808019E-4,1.4637567695588357E-4
3,4.1136352296923935E-4,1.585599238811186E-4
3,3.980907741362649E-4,9.764104147362263E-4
2,2.743295003879909E-4,9.204030373111648E-5
3,4.0156609074586857E-4,2.637491438762099E-4
2,2.913531278150805E-4,6.535567945498777E-5
2,2.752934687244974E-4,3.318530818852857E-4
2,2.6977854140646277E-4,4.0843349307863845E-4
4,4.903199406472601E-4,0.001959775560800532
2,2.708915004880234E-4,3.8908537290552125E-4
2,2.6069501047727294E-4,3.6842167040371953E-4
2,2.6845499815430357E-4,1.2401120566247402E-4
4,5.131191092024765E-4,7.476717837301542E-4
2,2.683966665559922E-4,7.886592269254879E-5
3,4.0577468409415456E-4,2.866947505080781E-4
3,3.953305089866783E-4,2.7675420957905695E-4
2,2.876536516502304E-4,1.0511792266303963E-4
3,3.736225972180774E-4,3.8394964541318456E-4
5,6.130945668240261E-4,0.0014876109895367515
4,5.20632264481335E-4,0.0017904440947455174
2,2.739677501714177E-4,1.3995927311440053E-4
3,4.1518818368513734E-4,2.3771377253634115E-4
2,2.707611603057356E-4,3.5723904685674773E-4
3,3.963564112308728E-4,3.5162774220929947E-4
2,2.7678877435960837E-4,1.638792932517043E-4
2,2.6621288833224174E-4,1.3089483115531035E-4
2,2.9011327500874813E-4,5.233114419728185E-5
6,7.236061590928104E-4,0.002332928905992692
2,2.8816299643801387E-4,1.4325552864654585E-4
4,5.102916277644297E-4,0.0011121229856050161
2,2.601704569515201E-4,0.001185986514022257
7,8.39201103705328E-4,0.002146413188628087
2,2.8090165673719714E-4,2.9322658347981495E-5
3,4.342957088799971E-4,5.564763129566341E-4
3,4.1750278987642256E-4,2.3403884806795202E-4
3,4.054338770374437E-4,3.706431260162803E-4
2,2.888102446261371E-4,7.16097400641906E-5
3,3.9786010024176784E-4,2.1270197601566657E-4
4,5.088900617217597E-4,0.0023564494875147244
3,4.0565615699953464E-4,4.6905508311618035E-4
4,5.187222196989065E-4,7.6420507079458E-4
3,3.9791123963424835E-4,3.382297608264026E-4
3,4.154356471066752E-4,3.7092580254161615E-4
3,3.8812390977956753E-4,4.3926697230191645E-4
3,4.31962848000242E-4,2.0607234647698972E-4
5,6.318688406221144E-4,0.0016188919834840348
3,4.0173329034284957E-4,5.476872539175243E-4
3,3.972930816017149E-4,4.6027483744080533E-4
2,2.728009232483082E-4,6.924482153152563E-5
5,6.185114325410879E-4,0.0021734124879603353
2,2.7843021517686854E-4,7.900934012222028E-5
2,2.7154154799344097E-4,2.6434975509751873E-4
5,6.101882176891575E-4,0.0024753566550385023
2,2.6062529720230146E-4,5.179858348965743E-4
2,2.844695239944389E-4,3.109269575364213E-4
2,2.9189671643173646E-4,4.0841848696782717E-5
2,2.967587240699473E-4,2.006730718709236E-5
5,6.385094447784265E-4,0.0026531333200801926
2,3.0817557189354787E-4,4.1919707643522416E-5
2,2.7771706459042646E-4,3.0062875403815434E-4
2,2.9648246273808525E-4,9.69506653126183E-5
4,5.278410735154575E-4,0.001049199571242261
3,3.956973215052936E-4,8.851918375727508E-4
2,2.8285170368787466E-4,4.729474426405312E-5
3,3.96465144723243E-4,1.4096364570587643E-4
2,2.72463050891645E-4,8.494397670940975E-5
5,6.509791296437203E-4,0.001039106947060813
2,2.6354044168410426E-4,2.6947110307070293E-4
2,2.7355734832731606E-4,1.5154141542329664E-4
3,3.9159619424667584E-4,5.387296763870966E-4
3,3.729842370488532E-4,9.52288932917507E-4
4,5.190732195127472E-4,0.0012983438821825744
3,3.813737573878173E-4,0.0016263318974980828
3,4.149640333885145E-4,6.005632605397257E-4
3,3.957990748619987E-4,2.580837093408701E-4
3,3.9815279655850636E-4,6.460558363779488E-4
5,6.203331357135553E-4,8.324216067189012E-4
3,4.002406565631113E-4,7.524852435991035E-5
5,6.219626483455491E-4,9.733673845776008E-4
2,2.93097268659754E-4,7.873845902029891E-5
3,3.998530283277862E-4,1.999711478855292E-4
2,2.654045994980975E-4,6.349845918445312E-4
2,2.9668305784699727E-4,7.297307773335646E-5
3,3.9090224767456043E-4,6.326753364008984E-4
3,3.984442511310032E-4,3.0730717531480785E-4
3,3.815485705538293E-4,0.0015377106353560016
5,6.425926816084382E-4,6.884375311285963E-4
7,8.749332981433889E-4,0.0019122796573611037
4,5.203137482389E-4,8.696263733547877E-4
5,6.028110515376038E-4,0.0012375087040574341
3,4.0908243719481774E-4,2.484885253740301E-4
3,3.925060449234595E-4,2.8369538497637845E-4
2,2.7229535522090036E-4,1.5834539403056236E-4
4,4.883467599132861E-4,0.0010044450991956845
3,4.1526463757051146E-4,1.767074563592724E-4
5,6.246402520732547E-4,0.0019093835373145233
2,2.759196164538984E-4,7.400797801111911E-5
4,5.424511870057638E-4,0.0012635265417863537
2,2.734937970314735E-4,1.4527744136226049E-4
3,3.8145006325884096E-4,6.33028757262631E-4
7,8.520802141822614E-4,0.003577808519303647
4,4.840627381110183E-4,0.0017126142982133157
4,4.98202315168733E-4,6.911555680171597E-4
2,2.638530393764421E-4,1.8727374089140086E-4
4,4.922821487942077E-4,0.0010292166562162208
9,0.00106934411436187,0.002590145666688138
3,4.1345481957025243E-4,6.663000058864884E-4
3,4.024176995274229E-4,1.7424374962078833E-4
6,7.479747036553997E-4,0.0015492339268902665
4,4.8058609389949064E-4,0.0014806968978361929
4,5.022690937589864E-4,1.3974746326992474E-4
5,6.186261021241227E-4,8.332668987630495E-4
3,3.6872960683785654E-4,0.0019322822933247699
4,5.007678847981838E-4,0.0011980354416538726
4,4.983178887994657E-4,0.0028314375571695744
13,0.0015028076714867923,0.010584773140960133
4,5.404184055955917E-4,9.631047815040646E-4
4,5.072551887295751E-4,0.001912725070020152
2,2.8001191550244787E-4,5.959999753897413E-5
11,0.0012563350715451118,0.004859424386427249
5,6.528782859503645E-4,0.0011220934545230958
5,5.780917537855907E-4,0.002395783633077661
8,9.383941595039711E-4,0.003817409693989435
4,4.8228079496517726E-4,0.0022381019447747647
6,7.125325869688488E-4,0.005484013023776764
5,5.994992336954727E-4,9.525429864156368E-4
6,7.134802343400412E-4,9.961715905225375E-4
7,8.20676412532637E-4,0.003154683727869917
2,2.6108865577583666E-4,6.330048785764452E-4
4,4.997217859380015E-4,0.0010866096966216825
2,2.752225895758412E-4,1.2708138876511767E-4
6,7.352737455366548E-4,0.0023885919041339325
4,4.6518571276525503E-4,0.001382134012706329
2,2.6334703885791237E-4,8.117754011134792E-4
7,8.542060871510373E-4,0.0025686025550823
5,6.256296110140223E-4,0.0020326725248825104
7,8.220707697555956E-4,0.005425940082047484
5,6.141339672096932E-4,0.0010609549600108193
4,5.000592551071741E-4,0.0014007708128276344
3,3.8486380621100946E-4,6.368971548966121E-4
3,3.942625304238283E-4,0.0012579942779643311
4,4.8137534066231274E-4,5.240536163102737E-4
5,6.082306025704549E-4,0.0015750202150503568
4,4.969573781216206E-4,0.0018593899920887505
5,6.251334753196664E-4,0.001132910636153918
4,4.882050140902459E-4,0.0021318943048462447
3,3.7112762066399574E-4,8.860792133403765E-4
2,2.680424261893067E-4,2.0849879928094367E-4
3,3.898049448876197E-4,0.0011095279829920483
2,2.619026558885969E-4,0.0
2,2.716310467611014E-4,8.577808830217927E-5
3,3.6784294013532485E-4,0.0012492326413847986
9,0.0010551941014117301,0.005334237046652218
10,0.00116130600285064,0.003718671645882109
5,5.942011175652284E-4,0.0011387324072841107
2,2.738186153856216E-4,1.401653139481879E-4
5,5.98599628049566E-4,0.002034549643530367
3,3.903026679687376E-4,4.6153062823476226E-4
4,4.863563443663467E-4,8.513715539876955E-4
4,4.8691295909410133E-4,0.0025784840752138332
5,5.828130250185921E-4,0.0020406045417047662
3,3.8582936505586723E-4,6.090316824093945E-4
5,6.208500353400034E-4,8.99499685246118E-4
3,3.96867010037941E-4,0.0010507771380931078
2,2.592517943088999E-4,3.9360898449518865E-4
7,7.803818661967665E-4,0.004200384509131967
49,0.005223782045413063,0.07656578498674876
17,0.001746496479024722,0.020292776775468365
14,0.0015185097498955902,0.01352498289407161
11,0.0012000744736853357,0.0076786650207789605
29,0.0031281118697420516,0.039319926870257274
37,0.003912021832203098,0.047924679136806383
15,0.0016185930366363344,0.013389616711346468
10,0.0010894236541698647,0.00881694988439434
8,9.390238669032866E-4,0.005859045316840945
4,4.945275244371832E-4,9.034883140537106E-4
2,2.776784542271917E-4,1.5212051773984313E-4
6,7.176248232835166E-4,0.002173806811429472
5,6.187292779628426E-4,0.0010644353531931744
3,3.8881418880153145E-4,8.869929332225389E-4
7,8.263949000899423E-4,0.003904371680080323
3,3.750698270114376E-4,5.209662814305318E-4
5,6.242951351321464E-4,0.00197319502400363
9,0.0011133358663760382,0.0025699193776020472
9,0.0010356315690685603,0.003614068668328778
22,0.002436668245304578,0.020771917704652233
12,0.0013032884972946407,0.014025219682626417
10,0.0011162429289494052,0.0070291123131072065
13,0.0014127401277748408,0.012047600239954149
15,0.0016277307929315203,0.016515505935639406
3,3.8237394143440616E-4,0.0011227312482071927
15,0.001655063608029716,0.012712665732905956
6,6.918125500593365E-4,0.005174154354857174
44,0.004767904678796683,0.06180215254886171
14,0.0015840336973038383,0.011215826301139624
3,3.989085254911807E-4,6.678947914566285E-4
5,5.867554197975522E-4,0.0020549071843424327
2,2.664536184149629E-4,3.6661430644828984E-4
7,8.662985016102506E-4,0.001858882817588506
5,6.02711336438227E-4,0.0017108052007048186
3,4.04432640896869E-4,0.001295764928034147
6,7.245110458488979E-4,0.0023677298411408335
6,7.198085448605188E-4,0.001975406118362221
2,2.841019388311782E-4,8.137897750327887E-5
5,5.946767939739127E-4,0.001468550038981747
14,0.0015529248947243818,0.008952477397796596
3,3.5843590404299654E-4,0.0022195018282337633
9,0.0010521386077786074,0.004629274754491527
43,0.004620492749498983,0.06291881898729185
12,0.0013700148563696773,0.008283992604920956
20,0.0021946150653895063,0.017993375218729978
8,8.962520386162162E-4,0.004705882998344492
15,0.0017085223945633972,0.012794150930615998
17,0.00188963268547208,0.009378565206396268
14,0.0015167420804202759,0.014520185160995434
8,9.695234677572278E-4,0.002715212781615922
8,9.602601021731926E-4,0.0017430485512385384
2,2.813925680856855E-4,6.106702668832352E-5
3,3.7260995033305626E-4,0.0013737128018712957
3,3.5976440270850895E-4,0.0012236081347184993
7,8.162642276696188E-4,0.0017691632728905403
3,3.774146309595686E-4,4.2196865886125103E-4
8,9.587741092629998E-4,0.0023949132370502907
7,8.36606193274416E-4,0.0015390891117071119
4,5.072255254987842E-4,0.0010493821475534171
10,0.0011281967178996038,0.004750076563822049
10,0.0011095176303025827,0.007210251137911617
40,0.004230330433655925,0.044024915777041256
15,0.0016808611430494103,0.01165682189154946
13,0.0014241862935460258,0.014650284682404643
5,5.769147695555441E-4,0.002754266471466476
8,8.693311850774525E-4,0.007240853179300167
13,0.0014456766147294515,0.01523262769904022
5,5.843996844957886E-4,0.0020074458585794272
26,0.002853165444213653,0.0318791523856789
6,7.497244823795734E-4,0.0015439454165867654
3,3.893355268894045E-4,5.187942503235741E-4
3,3.90369531976787E-4,5.125190465013569E-4
7,8.851584631471285E-4,0.002022701375667039
4,5.039939261576307E-4,5.502715239599979E-4
4,4.887845981587287E-4,0.001422004997694207
6,7.467934015084936E-4,0.0034775491144028938
4,4.900079143615175E-4,0.001107031027421297
4,4.884538370728159E-4,5.17504289032442E-4
6,7.059425449921541E-4,0.003764195223051655
6,6.766365474583542E-4,0.0030784065712159206
13,0.0014615424159531154,0.009328460213921043
12,0.0013365167270592852,0.010849378959571332
15,0.0016446251159006233,0.012630872518007413
15,0.0016457080537281084,0.010259276496572068
10,0.0011253821341961536,0.00827325287338917
15,0.0016254949085929035,0.018556957412572985
10,0.0011071041625831306,0.008069857798331853
12,0.0013327823070808326,0.008893448819147548
16,0.0017607606935565719,0.019833531896984457
15,0.001675869350336932,0.012041317514435409
12,0.0013477987274294317,0.011362517079003862
10,0.0010891454627895416,0.005356862109720477
8,9.196933681046358E-4,0.003987523316884486
10,0.001118159550083533,0.005573134791291916
10,0.0010815968969654006,0.008914087192900483
8,8.825450843062736E-4,0.0036178477471111655
24,0.002596084384553294,0.024790366801528903
14,0.0014958350581861968,0.009126390527302816
26,0.002847078961727887,0.025360292425617475
8,9.466484616225488E-4,0.004182199382613877
23,0.0024907982184684133,0.020791183678445534
10,0.0010920873431419246,0.010525854260969353
5,5.973203197636647E-4,0.001436743336379365
7,8.255962375367949E-4,0.00374374176740383
9,0.0010558290915459723,0.005873366501524422
14,0.001589536792617033,0.006812954837728474
21,0.002319917670377484,0.017948931870033817
26,0.002863230292940283,0.02521801541706973
13,0.0014762025251808415,0.007378721459685204
4,5.278137128217356E-4,6.335532620542193E-4
2,3.036294609949121E-4,4.188591364147598E-5
2,2.7364354828134254E-4,1.4292359995741444E-4
6,6.930449310161025E-4,0.0047468463217021
20,0.0022019678232418783,0.01708076117411766
2,2.958648291881511E-4,4.167160068266579E-5
7,8.166609267862954E-4,0.006690257489368406
2,2.730858670831627E-4,4.016936563392169E-4
2,2.63904655819797E-4,1.184660255563344E-4
2,3.067850008909273E-4,4.6862190979503966E-5
7,7.827663711735268E-4,0.002483443908750207
2,2.928955122228306E-4,1.0398355167246938E-4
10,0.0010946536515893733,0.0070794038005909
3,3.999179024109477E-4,1.9982598987200955E-4
11,0.001240588960853961,0.00636567560216139
4,5.375552876374334E-4,3.711928924222098E-4
20,0.002274376501752042,0.017327307248935154
2,2.745098000678862E-4,8.36578922849714E-5
4,4.681579431377195E-4,0.0021132649208867667
2,2.737627640358242E-4,4.5722440833169793E-5
3,4.105647148512242E-4,1.8128555420637586E-4
2,2.862265588483934E-4,9.054820596513346E-5
3,4.154628139108523E-4,4.31002447250439E-4
2,3.021474687540926E-4,9.409765254750005E-5
12,0.0013327841317911698,0.008982528959574413
7,8.122916134849027E-4,0.004348249793873149
12,0.0013903254489803423,0.0062667323006017715
7,8.117809705127061E-4,0.0028305940315127014
2,2.8338392996054337E-4,3.5004078649083934E-4
5,5.703267430718192E-4,0.001285997149959258
4,5.20716818379246E-4,4.3585236466262093E-4
11,0.0011950342897963726,0.006776887563739916
2,2.804293396576329E-4,5.168637421963494E-4
8,9.297943816811403E-4,0.005151323749670235
2,2.7906357754162593E-4,2.3157343644198943E-4
11,0.0012378299912871064,0.0054428049466631314
2,2.7780687549371096E-4,1.5186584310514781E-4
15,0.0016909534466037503,0.013898783295437332
2,2.695414219742504E-4,2.1714317541189214E-4
4,4.6979752234434447E-4,0.002535801761527096
2,2.980295889559426E-4,1.1697803279623738E-4
2,2.733814383446513E-4,9.204554774030288E-5
2,2.8686529303099815E-4,8.896319030252E-5
2,2.961074785015261E-4,4.60083801364331E-5
2,2.699512569425966E-4,4.529038731314161E-4
2,2.6416812756007026E-4,6.165909007523334E-4
2,2.71588026960214E-4,9.457731158226342E-5
2,2.786745780086466E-4,1.510961605602372E-4
3,4.281909557305953E-4,2.727121648940062E-4
2,2.956685426639155E-4,5.157338385226839E-5
3,4.037500823190078E-4,9.776621124092777E-4
3,3.960529416637587E-4,5.751187460414194E-4
2,2.8438398145130947E-4,8.048630116330582E-5
3,4.1704026468114823E-4,1.6095375358621367E-4
2,2.7836478141642486E-4,4.2857488151269816E-4
2,2.841766984148048E-4,7.215388602821946E-5
2,2.8179236674636386E-4,5.828028656706566E-4
2,3.039449939124813E-4,1.1207362744537823E-4
2,2.937785279905695E-4,8.54663872474521E-5
3,4.036972515638409E-4,5.154435896939535E-4
4,5.179784694308744E-4,5.965429105114953E-4
2,2.971662386833161E-4,4.916314963265972E-5
2,3.0557801752350986E-4,8.14526840047112E-5
2,3.011625303122261E-4,1.2234751485912875E-4
2,3.0723963547544484E-4,5.0377193728281046E-5
2,3.1740965865076126E-4,8.777492949320841E-5
3,4.0319587307624305E-4,6.457828856106807E-4
3,4.0046754510260834E-4,2.5047501431373537E-4
3,4.062454464068818E-4,7.187113135031772E-4
2,2.7429227939652716E-4,3.3311942434989604E-4
2,2.719871613901083E-4,1.0056299825493316E-4
3,4.1476039984251193E-4,3.3782885504897355E-4
2,2.7076611672161537E-4,1.0916000554629559E-4
2,2.649078624187237E-4,2.3560993968385296E-4
3,4.215208252761114E-4,4.028825226825043E-4
2,2.557374344069689E-4,6.070575389510198E-4
2,2.9216080307199944E-4,8.43179606358545E-5
2,2.963445972289075E-4,9.195863869416672E-5
2,2.991771816665172E-4,1.5411867146828664E-4
2,2.879173361409447E-4,1.346655689758615E-4
2,2.8562710442368817E-4,6.49304564127161E-5
3,4.076076597835312E-4,8.362791375359851E-4
2,2.7194806319277804E-4,1.1876790211660339E-4
3,4.043457980262237E-4,5.59211997023091E-4
2,2.942380125161361E-4,5.903210303613117E-5
2,2.997583018064369E-4,8.647243447218801E-5
2,2.9373945358661803E-4,1.0073831077810072E-4
2,2.677499399247106E-4,1.0799716671499214E-4
2,2.964205207329741E-4,7.799724374567198E-5
2,2.9314347592376415E-4,5.94025840321916E-5
2,2.776125305152076E-4,1.3698381611698419E-4
2,2.754336725248396E-4,6.473304204981441E-5
2,2.7302831830830655E-4,7.324522542134818E-4
2,2.847420665595008E-4,1.2600291523799656E-4
3,4.2889655530811314E-4,1.923196040191611E-4
3,4.114361238852555E-4,3.417505969915537E-4
2,2.947035150957388E-4,1.41771227364996E-4
3,3.941952359716671E-4,6.024898815710292E-4
2,2.875680023518108E-4,1.3819276708477288E-4
2,2.9425172924815463E-4,2.2094571601125663E-5
2,2.8606624397656104E-4,1.1922448386307895E-4
2,2.74846285806771E-4,2.1177742629313457E-4
2,2.786880240569132E-4,9.227686192009553E-4
3,3.8344656395541076E-4,0.0011202790159943246
2,2.8364768333504305E-4,2.075134722220918E-4
2,2.8501724794182423E-4,1.0600642257894617E-4
2,2.701540626417145E-4,8.243476986670762E-5
2,2.867847826890823E-4,1.0746575455331275E-4
3,4.197693060665107E-4,7.691817386317111E-4
2,2.7239260168386684E-4,3.246644724564485E-4
2,2.845232465512209E-4,4.8908365866552556E-5
2,2.646382288375466E-4,4.099895028758736E-4
2,2.8628724498752856E-4,4.093331602970713E-5
2,2.9339497387693503E-4,9.264605640637207E-5
2,2.8777936274366795E-4,6.536208752610247E-5
2,3.0046026199998226E-4,1.0084695416267268E-4
2,2.8392124351726627E-4,1.0801115369992096E-4
2,3.0301779075611655E-4,3.9734030812138E-4
2,2.6113049689875726E-4,2.302254420778845E-4
3,4.03672131999044E-4,0.0012466963539382024
2,2.758793896497941E-4,1.248204461735621E-4
2,2.577238768789583E-4,5.423121293412292E-4
2,2.941458057215095E-4,6.821639055881714E-5
3,3.862522426500598E-4,7.869278841850507E-4
2,2.892433833122429E-4,1.2132048368174691E-5
2,3.0276053313325494E-4,6.307307533810098E-5
4,5.173857782308084E-4,5.123651983282456E-4
2,2.8231716522978057E-4,1.1669647845179627E-4
2,2.714327409324424E-4,2.2685002420750914E-4
2,2.812031364219499E-4,9.746091896120447E-5
2,2.908883221943662E-4,8.742901145844963E-5
3,3.9339730804311036E-4,3.644730620277321E-4
3,3.905544222480186E-4,2.2517558468237506E-4
2,2.672117933438904E-4,1.2222317115380356E-4
2,2.7582282014826826E-4,1.1972485772467287E-4
4,5.214843226265293E-4,6.093992918099672E-4
2,2.967375127446044E-4,5.179214563217217E-5
3,3.9708976869875644E-4,2.3829637841136736E-4
2,2.936689378470799E-4,1.6670519851491516E-4
2,2.754990961432989E-4,2.126248011388924E-4
3,3.9656528172979437E-4,5.061252548642504E-4
3,3.976281517826844E-4,8.670169556942255E-4
2,2.7057612349543357E-4,3.399526043900909E-4
4,5.09768776359972E-4,8.39924104716693E-4
3,3.971304614003231E-4,3.7030330749083406E-4
2,2.898184930917419E-4,5.630352104125452E-5
2,2.5925200459725787E-4,8.041560518338288E-5
3,3.9279986491027637E-4,0.0011340691873807345
2,2.919011064013867E-4,9.875064598240388E-5
4,4.997427517198174E-4,0.0011641622217871141
2,2.982774335162577E-4,1.9579465435908713E-4
4,5.10686964692349E-4,0.0011374816587553383
2,2.7294406512011276E-4,1.2560080324506136E-4
5,6.27911264777696E-4,0.0018131958238053589
4,5.209215741731151E-4,7.598531355554416E-4
4,4.956573780799997E-4,0.0029335535688314322
5,6.630793951518035E-4,9.606179362197334E-4
5,6.437601119780615E-4,0.001186548941460214
3,4.084599753217173E-4,1.296040830686031E-4
3,3.7684018613232085E-4,0.001107711678939992
3,3.921135851005786E-4,2.7443188196529816E-4
4,5.17955932619863E-4,4.4564563239022547E-4
3,3.906703386216445E-4,0.0010117965374517388
4,5.221242969001105E-4,9.389690614705269E-4
2,2.809067819755431E-4,9.149336016181343E-5
2,2.6825947882003285E-4,1.8875178322978582E-4
2,2.924028124039883E-4,1.2167031711993167E-4
2,2.820971322094701E-4,5.606425628222838E-5
2,2.6424246793333974E-4,1.5905022637209567E-4
2,2.7958871277555537E-4,2.0647372742407046E-4
3,3.9813386889637917E-4,3.6262512806965985E-4
2,2.775323974728743E-4,1.8747778217982877E-4
2,2.6493968196150664E-4,1.0082059228620065E-4
3,3.941836841925179E-4,0.0014022398116689135
4,5.298814095529468E-4,8.371226845410412E-4
3,4.127690172042008E-4,3.468558162602387E-4
2,2.9055320596855014E-4,3.504081142315466E-5
2,2.89030028015418E-4,7.050411683122816E-5
4,5.149633013351744E-4,9.401763036240701E-4
2,2.6969928875310593E-4,1.8113984436007684E-4
3,3.7500324453757693E-4,5.617290683403904E-4
3,3.94218245481023E-4,5.375229930703847E-4
2,2.696353449107422E-4,1.5263267364155919E-4
3,3.9876127795441255E-4,4.5585813226326865E-4
2,2.6885926323104843E-4,1.2660356541836982E-4
5,6.476851825925468E-4,0.0013508569928269638
4,5.137106575824169E-4,0.0017719210921711519
2,2.8238713860342463E-4,9.810730617321428E-5
4,5.403871151749143E-4,4.0263143594764514E-4
2,2.6461187735682233E-4,3.893465502137115E-4
5,6.284431039093984E-4,0.001383958516158225
2,2.7684176607436773E-4,4.086528344946438E-4
3,3.8910731833975183E-4,0.0012339578701420818
2,2.899115093029054E-4,1.0354123565826065E-4
2,2.7445067951707496E-4,2.8788183540549676E-4
2,2.6939529618549206E-4,1.531280136375522E-4
2,2.9169441126101293E-4,2.1894990203778113E-4
4,5.267327208245926E-4,6.20615625680138E-4
3,3.735224562558296E-4,0.0012820355768072117
4,5.183814806171412E-4,9.365794858426175E-4
3,4.0648423083838723E-4,4.8372413693529534E-4
2,2.9287462114941303E-4,7.910782100261641E-5
3,4.0697072431301466E-4,7.538067926596688E-4
3,4.028964784584187E-4,3.099297415879957E-4
2,2.9400155564099047E-4,1.1738216960306707E-4
2,2.755069300338448E-4,7.51203536328E-5
4,4.969131239681153E-4,0.0017961164609152846
3,4.1078678093191945E-4,1.348164003513521E-4
3,3.7813581354585144E-4,2.3327894084806226E-4
3,4.108960896530976E-4,9.921221190838936E-4
2,2.747079651827666E-4,9.610190527541334E-5
5,6.440831092444525E-4,9.570387086280627E-4
2,2.671302089883703E-4,1.0361248087042538E-4
2,2.981400650896312E-4,1.0941067130742298E-4
4,5.00890833717504E-4,9.02004443596113E-4
2,2.775116572445389E-4,8.801360785005814E-5
3,3.710907224262798E-4,6.129507290649888E-4
3,4.1475736875764484E-4,1.545880864305146E-4
4,5.255967634549956E-4,9.020044944694159E-4
5,6.326216575766126E-4,7.264761714358633E-4
2,2.774341711806662E-4,1.489822927750164E-4
4,4.972201923191671E-4,0.0010195729099223305
2,2.792298162261939E-4,1.6021050672187915E-4
5,6.051384431342954E-4,0.0014368860800638066
2,2.761768984838151E-4,2.077864074990791E-4
2,2.7415850713606593E-4,2.7401340337002513E-4
2,2.753348797613484E-4,2.04149166942537E-4
3,3.8515299034821873E-4,2.761417997462166E-4
4,5.124954725216675E-4,0.001117384730333702
2,2.993609606148206E-4,3.349335374852357E-4
2,2.7058035468002426E-4,5.932896371543981E-4
3,4.1603144303425054E-4,6.082411270130494E-4
2,2.549848445886357E-4,9.655534511365218E-4
2,2.914795849037262E-4,5.641246847693583E-5
2,2.821700741242963E-4,8.353940877214709E-5
2,2.6879518530989157E-4,3.1952210405155566E-4
2,2.824685509549487E-4,1.6523387228753515E-4
2,2.8262590403040566E-4,5.4535347108247485E-5
4,5.104545904135704E-4,9.67514448018832E-4
2,2.868610674900308E-4,3.6639990017895563E-4
3,4.0367683431784534E-4,2.213822966492211E-4
3,3.940619070246658E-4,0.0011622913113848252
2,2.881428172458276E-4,1.1558688717817058E-4
2,2.792532863248831E-4,0.0
5,6.105162778678756E-4,0.0015104752651429458
4,5.232908294187463E-4,6.55680585191935E-4
3,3.986956106978454E-4,1.4222034438414493E-4
2,3.033625639972866E-4,6.26350988167984E-5
4,5.215468780405344E-4,0.001052166659137178
2,3.067765066452301E-4,2.3118116744178152E-5
2,2.736339111558942E-4,3.7797583085916924E-4
3,4.1984253933424433E-4,1.4344027022608602E-4
4,4.95888733539974E-4,0.0011858844231745736
6,7.542096962885567E-4,0.005100498262329478
3,4.1823852913703646E-4,5.661785167584176E-4
2,2.828078636564478E-4,3.092110973552453E-5
3,4.062962921206365E-4,4.483251193052656E-4
2,2.8447552112283414E-4,1.1399275403494688E-4
5,6.261256583208853E-4,9.226507003935209E-4
3,4.1913855021256073E-4,1.381703873941564E-4
5,6.232987168670832E-4,0.002460018499739082
2,2.668499668073024E-4,3.8081799969358213E-4
2,2.7113319995693557E-4,4.199788453585458E-5
5,6.498450494258067E-4,0.0011374682399648978
2,2.8368619233676555E-4,2.183918475309333E-4
4,4.999843815880737E-4,0.001513293581708956
7,8.624715915831238E-4,0.0016586498217069563
2,2.8004778002791667E-4,4.088129898807356E-5
3,4.27001702947094E-4,5.177425482206237E-4
3,4.042441920406777E-4,8.525733796831216E-4
2,2.92965903780602E-4,7.042559539609911E-6
2,2.853562207728708E-4,7.038128202389801E-5
2,2.964013196249491E-4,5.001248672482838E-5
2,2.6949630311649554E-4,2.0810063617619334E-4
2,2.671108350847814E-4,7.812123549711541E-4
4,5.002159407062415E-4,3.630501886529626E-4
2,2.759890012296014E-4,1.3604090687001558E-4
2,2.7343760749195704E-4,7.37463075121674E-5
3,3.841476395039923E-4,0.001294227218864201
2,2.7896907377090226E-4,4.321295727172792E-4
3,3.9982463530270694E-4,6.845938067910323E-4
3,4.0849561870799877E-4,2.48447221680141E-4
2,2.996479484719357E-4,7.091590840885299E-5
3,3.8761378685837986E-4,3.534497450652596E-4
4,5.302770134560311E-4,4.5780763022964106E-4
2,2.87390664303081E-4,4.327544013786458E-5
2,2.86670564098354E-4,3.280319716595815E-5
5,6.106827363600427E-4,0.0027509764150762477
3,4.020009182110954E-4,2.3731460762974386E-4
2,2.7466671077580504E-4,2.187948504639426E-5
4,5.175771901232994E-4,5.206399229672878E-4
3,4.0264713789540523E-4,3.807997822857377E-4
2,2.610049976885746E-4,1.7399417523565684E-4
2,2.756045937559705E-4,7.686547135231605E-5
2,2.7460957528272254E-4,7.359016134484919E-5
5,6.469453332353328E-4,9.357157926302116E-4
2,2.925465759264378E-4,1.5203833931060474E-4
4,5.102598333783934E-4,6.576127468297341E-4
4,5.075591019179573E-4,9.801686861153234E-4
3,4.069685279150536E-4,2.1024071513834244E-4
5,6.468086456237674E-4,7.130058653933176E-4
3,4.081178506978204E-4,3.8736865294291823E-4
5,6.380313449367571E-4,0.0015802309545072627
4,4.959438353952828E-4,0.0020003132338166085
4,4.895861111473984E-4,6.620486459021068E-4
6,7.54506633054625E-4,0.0011315054075088286
2,2.592761853089691E-4,3.155487879497259E-4
3,4.049634500571839E-4,6.205186703052763E-4
2,2.6413483301458463E-4,3.5763614610740714E-4
4,4.992793219428308E-4,6.844064833936765E-4
3,3.884016378666593E-4,0.0011508975144739874
2,2.7997542589741165E-4,2.1845572581093853E-4
2,2.641165488400397E-4,2.262240482044223E-4
3,4.01201848805441E-4,3.1501227227838423E-4
11,0.0012857073206378928,0.0039952548822234785
4,5.092639112400234E-4,5.845971490292065E-4
3,4.089131636468061E-4,3.5358009674950623E-4
7,8.405703138408172E-4,0.002666703971372331
3,3.835068406375442E-4,7.310381664164574E-4
3,3.921066517585065E-4,2.052980267317197E-4
5,6.146465337609908E-4,0.0011933698315767139
3,3.724928861093582E-4,9.615064240270108E-4
2,2.5760777474379714E-4,3.602356067554035E-4
3,4.0054259008245505E-4,7.417468152182619E-4
8,9.313461874956511E-4,0.003100118901215625
4,5.142422099935778E-4,8.70364417958182E-4
2,2.650007486045387E-4,3.337935172992857E-4
3,4.131044934510509E-4,2.2658178797405184E-4
8,9.654155629368066E-4,0.002926672343096437
2,2.6651386870813046E-4,5.126991338358399E-4
10,0.0011961728679909308,0.0030717559316416226
3,3.833516053955855E-4,0.001854206991300977
6,7.299715171886692E-4,0.0018439620008518206
2,2.7037853982067963E-4,5.886414591644472E-4
7,8.115745122624569E-4,0.0026812469377432147
3,4.015790382597411E-4,1.585980190596165E-4
8,9.454131670209147E-4,0.0056340012372336394
3,4.0489370073179483E-4,4.362916810385826E-4
3,3.98310753969058E-4,3.939028929688018E-4
2,2.69302081488967E-4,1.7966779606569614E-4
6,7.402069675812559E-4,0.0023037462150587193
5,6.199907017204216E-4,5.255110769267086E-4
4,4.84444184690965E-4,7.67817633924137E-4
5,6.016064112376514E-4,0.002335560419006403
3,3.80219514755026E-4,4.920958343134044E-4
3,3.9104104129350167E-4,4.7833161963521816E-4
4,5.216916921940187E-4,4.514396378436668E-4
3,3.9682815422656495E-4,0.0014370804789641302
2,2.625087969942583E-4,2.1902532121149555E-4
3,3.7490460331646137E-4,7.031409427887988E-4
4,5.062960560186181E-4,0.0010298988565615574
4,4.932730216817314E-4,0.0010116133287219856
7,8.473564172547758E-4,0.0035058416984363335
7,8.121028685273878E-4,0.003329320661990325
7,8.048651183529915E-4,0.0020002209778540916
2,2.766597040078306E-4,9.336472046059985E-5
2,2.6744810284015386E-4,8.348287758256799E-5
5,5.958512063554531E-4,0.0014428263799639144
4,4.90145834669726E-4,0.002107501694503785
4,5.041968084685653E-4,5.087441009259935E-4
6,7.044495264113848E-4,0.001992016792847538
3,3.8264055083411016E-4,3.796932745796534E-4
3,3.7165020960586273E-4,0.0011872641123248733
7,8.315149157833953E-4,0.0013816648204096698
3,3.8627924180684365E-4,3.8570419847280775E-4
2,2.6251638893831533E-4,1.9532230215391584E-4
5,6.439848011115577E-4,0.0019392454102778985
2,2.56054235148698E-4,0.0010241573800332077
3,3.735360304634932E-4,0.0011312653763331595
3,3.87455929474189E-4,3.769342204366561E-4
3,3.827837148780832E-4,0.0012724653202209235
3,3.7982528881429553E-4,5.763864275992524E-4
4,4.991404911999844E-4,7.14391248107049E-4
4,5.111413259577985E-4,4.884882119080138E-4
4,5.023220801731314E-4,6.13463077708911E-4
8,9.48275469629618E-4,0.0031439943586269972
3,3.832735842982552E-4,0.001074507095875939
4,5.012665266876104E-4,0.0012563711863358704
3,3.7386176412477085E-4,3.845507274375094E-4
3,3.653560303344633E-4,9.990983729201727E-4
2,2.580566355921922E-4,2.0334694428512018E-4
5,6.004583920293914E-4,0.0014483846986725177
3,4.044662770159347E-4,8.600445199775083E-4
2,2.6802090737821857E-4,1.1629563921217187E-4
4,5.134263800141255E-4,5.831850560082757E-4
6,7.264053438391479E-4,0.0016871496062967138
6,7.556775535855237E-4,0.0011665538718708146
7,8.700709491370482E-4,0.003370380309439281
5,6.328669567669734E-4,0.0020685573699577493
4,4.8788833350247874E-4,0.0014248247212066475
7,8.403918224240117E-4,0.0038220038041260327
7,8.300856700226777E-4,0.002640958956733603
3,3.839595250486661E-4,6.660943656343376E-4
2,2.7054920433626723E-4,1.7048283099188293E-4
4,5.130032013276035E-4,0.0018126423761144629
4,5.080396931907841E-4,7.133145597318014E-4
5,5.916031074887577E-4,0.0011459169045242364
4,5.133024700276214E-4,5.18994017495879E-4
5,6.090510935900925E-4,0.001078799262962393
2,2.627132788491077E-4,1.6973537220619847E-4
3,4.044345744826744E-4,6.107307828609587E-4
4,5.039909348506584E-4,8.314016902564636E-4
9,0.0010826491683183798,0.0027775652022493714
2,2.749115597586082E-4,1.1597835646178809E-4
3,3.9326607140863603E-4,4.132381645058305E-4
5,6.386792002378447E-4,0.0011199949235459038
5,6.224500736847808E-4,0.0011450795952596949
3,3.7999919626010697E-4,8.57109885935542E-4
5,6.267961388724872E-4,0.0024211901943130675
3,3.90142086301368E-4,2.5793272203327756E-4
2,2.6728731827639385E-4,2.763761595791691E-4
5,5.970274734831875E-4,0.0017487531610381264
6,7.448936105602011E-4,0.004922660322722821
4,4.97072385328998E-4,0.0012338418649026736
3,3.766674159951185E-4,6.022378620146147E-4
2,2.718336450873964E-4,1.780495306250422E-4
4,4.841948972841581E-4,0.003684862171760853
5,5.936903436235348E-4,0.0022452450584426087
10,0.001180399943013795,0.005891148254165072
5,6.214791134743771E-4,0.002057474657073242
2,2.8853537591960255E-4,6.618067456162579E-5
2,3.04812281474864E-4,1.0838757620711413E-4
2,2.67309661226323E-4,7.866454430051957E-4
2,2.731400076869184E-4,1.477504662612821E-4
3,4.113297743443748E-4,5.614287945427483E-4
2,2.814214498954517E-4,8.791876641124655E-5
2,3.01130932363795E-4,1.6800841806449465E-4
2,2.89383550277382E-4,1.6689208483353153E-4
2,2.794699590837774E-4,1.4667964599587863E-4
2,2.889932211079231E-4,1.4831434656290433E-4
2,2.783364965469692E-4,4.346878669760085E-4
3,3.9836470945418676E-4,5.968208892707353E-4
2,2.8643148956300637E-4,1.650837268809654E-5
2,2.8872522331211987E-4,5.460571380180431E-5
2,3.034122916828791E-4,1.2059247432454398E-4
3,3.977322022460824E-4,3.060903601289886E-4
2,2.7988381062086934E-4,4.430409649995883E-4
2,2.621314737145265E-4,2.3006868874771226E-4
2,2.9889098957915886E-4,5.378616443766606E-5
2,3.009755927093749E-4,3.3554632513038444E-5
2,2.8300979399803E-4,9.38010138291538E-5
2,2.857823012260645E-4,9.423845178518264E-5
3,4.0093097206228854E-4,2.4811918271000727E-4
2,2.7061164481327306E-4,7.676237207394548E-4
2,2.8312191303269215E-4,9.301102970559052E-5
2,2.996829315084469E-4,2.1603812110176508E-4
3,3.8763368785643416E-4,5.149459846519653E-4
2,2.67862331445441E-4,2.7146179836263E-4
2,2.840165755014337E-4,5.393428971227033E-5
3,4.1210262974620724E-4,9.960368163429737E-4
2,3.012566499191897E-4,4.6919578392974766E-5
2,2.8007100545931405E-4,3.3186408228144E-4
4,5.280793733055753E-4,3.7613977048909673E-4
3,4.2485047126580297E-4,1.8714036396976232E-4
2,2.907032450689749E-4,6.147555441685513E-5
2,2.926555090694886E-4,5.796414025788038E-5
2,2.799756959060489E-4,4.6206611153881905E-4
3,4.1354010963212516E-4,2.736143910104871E-4
2,2.8346495495611753E-4,1.2170190437015333E-5
2,2.873769992887471E-4,1.5968393831359255E-5
2,2.7516256528785116E-4,2.0295700248066753E-4
2,2.647991131928037E-4,3.6389741805062175E-4
2,2.739457105308277E-4,1.2521890288257745E-4
2,2.9326222696136786E-4,4.515080720409046E-5
2,2.9624170385804E-4,2.4634495977337846E-4
2,2.995559940343412E-4,5.930666276527849E-5
2,2.56919206533091E-4,5.768112641071198E-4
2,2.716606126265615E-4,8.700790960102426E-5
2,2.7567300536786906E-4,1.5906028475596237E-4
2,2.7783950984202574E-4,2.4530683380170947E-4
3,3.822859174189732E-4,3.396503635144852E-4
2,2.7642216338778715E-4,2.703169346591919E-4
2,2.960884544751779E-4,1.2290096479549348E-4
2,2.8922709624175504E-4,6.144340424644449E-5
2,2.595545966796649E-4,4.903232286738692E-4
2,2.6673335977025944E-4,2.3149270983509662E-4
3,3.937405682161637E-4,1.6158086055774153E-4
2,2.909841101393686E-4,9.90265627076379E-5
2,2.9071506056062643E-4,9.498418900984254E-5
2,2.941766822725976E-4,6.66669593179359E-5
2,2.995123325612083E-4,9.200063593806733E-5
2,2.9858601730831184E-4,2.8395094678236237E-5
2,2.835531267323839E-4,1.1905175941069368E-4
2,2.95013821392906E-4,1.0029532355581841E-4
3,3.989285127486504E-4,0.0014021231548811601
2,3.040174154199564E-4,7.852456760315436E-5
2,3.0084528764473794E-4,1.4267689281666865E-5
2,2.757323989044001E-4,1.1001963354237556E-4
2,2.8700109232105493E-4,8.780233390741171E-5
2,2.963857638751834E-4,5.2224533868950844E-5
2,2.900530078677861E-4,9.155095613293817E-5
2,2.751159870328086E-4,7.584598164968602E-4
2,2.9936276075319813E-4,2.7147266242999294E-4
2,2.813970239972461E-4,5.060319530195618E-5
2,3.021042317250183E-4,1.3734033827276712E-4
2,2.740298176230751E-4,2.3621316053625886E-4
4,5.345070073441246E-4,4.080506990598966E-4
3,4.004305403643977E-4,9.60053268640737E-4
2,2.7408228137235075E-4,1.341252185394666E-4
2,2.935503366190851E-4,7.602388203378406E-5
2,3.020204486331413E-4,7.251072456254158E-5
2,2.8472294224651985E-4,9.740285463506449E-5
2,3.124929325396448E-4,2.8628797609064476E-4
2,2.8107291546005536E-4,1.70948995977309E-4
2,2.8852720244402466E-4,4.6623308180320914E-5
2,2.6784619362513423E-4,1.8266643940344384E-4
2,2.8712835361922363E-4,1.5766864547142286E-4
2,2.8240724694303913E-4,2.7788074669686253E-4
3,4.0171336919941843E-4,2.246205998758145E-4
2,2.9013558078230453E-4,1.0150832228772256E-4
2,2.800379540601544E-4,2.037530948006951E-4
2,2.973313280887193E-4,1.1667844332894587E-4
2,2.891832733019219E-4,6.54467117869621E-5
2,2.998309412855713E-4,7.402699302044013E-5
2,2.771764550792098E-4,4.2679814412154926E-4
5,6.308234757032529E-4,0.0018994869883889758
5,6.326211596404872E-4,0.0029163140941160623
4,5.417364190056165E-4,5.271038746817608E-4
3,4.3599020255406486E-4,2.3962123431664245E-4
2,2.9495488939560815E-4,6.563729526164343E-5
4,5.139369705640087E-4,5.503084980151779E-4
2,2.701989606795434E-4,1.9938658168610365E-4
3,4.1188671049802503E-4,2.3239350976122258E-4
2,2.793573781576163E-4,2.3390400633628713E-4
3,4.003910425940055E-4,8.455267641429957E-4
2,2.8699295221934766E-4,3.4293022044755477E-4
2,2.9691618408664934E-4,1.800732317517823E-4
2,2.9700024512216633E-4,9.674221658602094E-5
2,2.85107960498823E-4,1.9935221085216472E-4
2,2.9539982077661205E-4,7.327706608992133E-5
4,5.180899908235818E-4,5.403799502697558E-4
2,2.795961919113933E-4,9.919188895984276E-5
2,2.966730751371274E-4,1.1930018189275262E-4
2,3.05274884143401E-4,1.1108077162467064E-4
2,2.7528076968831594E-4,1.4184533120696754E-4
2,2.8052722087506355E-4,1.1007358366113235E-4
2,2.954560576323122E-4,3.816580901431735E-5
3,4.120381961097892E-4,1.835151887035478E-4
3,4.0556354742131185E-4,2.8181441847504744E-4
4,5.383872734811893E-4,0.001592157868674305
2,2.7739743220128645E-4,7.063935632509466E-5
2,2.964128572856041E-4,4.2198729700210003E-5
2,2.759032365715103E-4,1.4204345814857565E-4
2,2.6735057455891224E-4,4.0024212196740464E-4
2,2.8786100155909605E-4,6.173323397596008E-5
2,2.703817048855229E-4,5.517057959797115E-4
3,4.1725591976803886E-4,4.924790784575044E-4
4,4.951786903098574E-4,0.0011813319966670884
4,5.220428253192573E-4,2.3235742515337896E-4
4,5.186079584664212E-4,0.0020386002492580224
2,2.857130368876813E-4,5.92070150448737E-5
4,5.269594298050857E-4,5.862148154349508E-4
2,2.7687464674877094E-4,1.9453156438817862E-4
2,2.697833183251998E-4,2.5520669687618876E-4
3,4.160911462007272E-4,2.139446790323078E-4
2,2.874388748196188E-4,6.141761404970132E-5
2,2.7034478100228373E-4,7.710927507394182E-4
3,3.9083924867171097E-4,4.5905960786851854E-4
4,4.963966927387279E-4,0.0019921262355140764
3,3.9161575419715286E-4,3.090629998675342E-4
2,2.720738666075236E-4,9.789633763562524E-5
2,2.8696448984410897E-4,1.260538701322217E-4
3,4.0005857924235467E-4,3.788304873014365E-4
2,2.7188670892714577E-4,2.5808592352031363E-4
3,3.82563179585972E-4,5.26670179924278E-4
2,2.789666842552269E-4,5.5774353555624554E-5
4,5.149127905563529E-4,0.0010410062318042543
2,2.868931006363001E-4,1.734632038712484E-4
2,2.785204440277735E-4,1.0184603605477131E-4
4,5.342744071737776E-4,3.555267153023158E-4
3,4.068619169324607E-4,3.9478033295092503E-4
6,7.343537368843592E-4,0.003950238637798676
4,5.048761517672093E-4,0.0010499203039749149
4,5.254120436956734E-4,0.0026664936239156802
4,5.098877623470751E-4,0.0014938198255120781
5,6.506342709581186E-4,7.223241597521543E-4
2,2.758467755878831E-4,2.235028560784191E-4
3,4.2062082408281145E-4,5.618093622059775E-4
4,5.105275876323395E-4,4.074044884947611E-4
2,2.77178869206683E-4,1.5148734524762404E-4
2,3.0526824122906795E-4,2.8525344165190242E-5
2,2.7431760792004866E-4,2.067558198086962E-4
2,3.0165301077991335E-4,1.0145841130003646E-4
2,2.823310498875032E-4,7.206086848530449E-5
2,3.119074992866325E-4,4.871179185413345E-5
2,2.810087431212896E-4,2.1640182086604762E-4
2,2.6994451798461255E-4,3.214667555855842E-4
2,2.919708013443621E-4,1.0945534752474143E-4
3,4.285796022506032E-4,2.1351842854592975E-4
3,4.063580357222348E-4,1.8835670086302588E-4
2,2.710695292622056E-4,2.0103752269954065E-4
2,2.916428908373867E-4,1.1077519765846994E-4
4,5.043149501272596E-4,0.0012944821849729267
2,2.836337667676062E-4,5.70726627615553E-5
3,4.3201715629786694E-4,7.148160805474075E-4
3,4.0513879334430245E-4,3.546235387398507E-4
2,2.7373273009585557E-4,2.0303055081190814E-4
4,5.20658844496376E-4,7.799668812961191E-4
3,3.9177738502823575E-4,2.5568186505998665E-4
2,2.757606339950372E-4,8.456436360739734E-5
3,4.1469901690899513E-4,6.490789350257121E-4
4,5.048652295388986E-4,0.0010134333160720472
2,2.8889673225491064E-4,7.098958857899475E-5
2,2.615660366961748E-4,1.4178192404870775E-4
2,2.9933729036214654E-4,2.1886410723578165E-4
2,2.946371733348157E-4,8.533460997137726E-5
3,3.9994499266827197E-4,1.2413409269294292E-4
2,2.739912246385374E-4,5.562022540111484E-4
3,4.2005540697133393E-4,5.904128103896093E-4
4,5.254139233757642E-4,9.209093391308198E-4
3,4.0616884948279237E-4,2.098247270424458E-4
2,2.7802206059317143E-4,1.8764578766685422E-4
2,2.633199169918199E-4,7.344655670571028E-4
2,2.843744654641672E-4,8.436872034350317E-5
3,3.9718496164636646E-4,5.593460831895254E-4
2,2.7453071617863966E-4,3.449569616207296E-4
6,7.657703452355122E-4,0.0010108380283301512
2,2.718585278395961E-4,8.48148778884759E-4
4,5.032655536411211E-4,0.0011741720949098916
2,2.756124117907579E-4,1.2825045777256733E-4
3,3.9595180388579573E-4,1.616112705612988E-4
4,5.074768003246682E-4,5.726749952233045E-4
4,4.932349144354667E-4,5.690052760729877E-4
4,5.247646383671694E-4,0.001608692532742904
2,3.006698990771404E-4,3.1596457549372095E-5
2,2.6954381056482784E-4,2.978160192636224E-4
2,2.690239523569553E-4,1.8588763308572607E-4
4,5.351515039065456E-4,5.783374093596144E-4
2,2.8996810448470245E-4,6.982686351460935E-5
2,2.7409571528808925E-4,3.06939821098732E-4
2,2.814726685076952E-4,1.7125376459792288E-4
2,2.695285952407489E-4,4.4709257282049574E-4
2,2.733048558652049E-4,1.248482549886842E-4
2,2.965194432646885E-4,6.271070106971651E-5
3,4.179055918500285E-4,7.050448378108508E-4
2,2.736263862467225E-4,1.3059697948572194E-4
5,6.397971620070239E-4,0.0011405945467612474
2,2.8404843470933885E-4,1.4820715727374174E-4
6,7.435823941541491E-4,0.001590386971628213
3,3.9881763456764066E-4,9.477391077069137E-4
4,4.884497637689185E-4,0.003879370972956441
2,2.6533667484586015E-4,2.4495147063403715E-4
2,2.761667718015798E-4,3.517078982411528E-4
3,4.159950511731549E-4,3.2223443870061324E-4
5,6.372516361690943E-4,8.400501734186831E-4
3,4.051385412546488E-4,3.1159084292624214E-4
3,3.9862930738853846E-4,4.391033585918621E-4
4,5.352015770680172E-4,5.296358604835939E-4
3,4.2264461175683916E-4,2.847566765612712E-4
3,4.0095881804576105E-4,3.128184215737299E-4
2,2.8320513836000967E-4,9.631224599133996E-5
3,4.042492405864173E-4,2.0277885079736385E-4
3,3.9986840739204366E-4,2.5033275350558245E-4
2,2.667465683111817E-4,4.3565285812175407E-4
3,3.865711847550238E-4,6.408560002646701E-4
4,5.123237714046508E-4,7.316070445644983E-4
2,2.679528687806179E-4,8.263895432870667E-5
3,4.0005660502957595E-4,0.001717994300081223
3,3.990891911920771E-4,2.722404595782331E-4
2,2.7985850578934613E-4,1.8331932446207557E-4
2,2.682290734557663E-4,5.890300861907549E-4
2,2.736492513022076E-4,9.610822326604059E-5
2,2.763507246658066E-4,5.987708652444947E-5
2,2.6871577353456907E-4,7.817728506912754E-4
2,2.7452058865150606E-4,2.2708490490212367E-4
2,2.5678048372366336E-4,0.0013785909028527174
2,2.8385571930737604E-4,8.779264750231412E-5
2,2.670095611795515E-4,2.475402202229693E-4
3,4.046551741434275E-4,4.03888321076107E-4
2,2.787802166683693E-4,6.622512348486216E-5
3,3.9267805732062853E-4,5.049038011508476E-4
2,2.850488218157553E-4,5.1451526870396926E-5
2,2.7256333660474893E-4,1.1440384040896872E-4
2,2.786478232963319E-4,1.310981338418156E-4
2,2.799593983131206E-4,4.792379835901852E-5
2,2.63777500885277E-4,1.2171752163883351E-4
4,5.233720161039469E-4,6.634501232805047E-4
3,4.029168443582699E-4,3.4809651373737355E-4
2,2.96139616557288E-4,5.382558159550523E-5
2,2.8795523990684667E-4,1.1197536191684278E-4
2,2.7422709839062864E-4,1.0702024866409238E-4
2,2.8085184297667586E-4,1.8370327652603632E-4
2,2.9784914939309743E-4,4.689609161317878E-5
2,2.9258555471252607E-4,3.835085815163838E-5
3,3.919926633065993E-4,6.989909776602246E-4
4,5.280619162575959E-4,3.2855382528081475E-4
4,4.952992705719392E-4,0.0013172235812908403
3,3.899216453088002E-4,9.873669982913996E-4
2,2.7061790393490817E-4,5.155524432402347E-4
4,5.127000702705481E-4,8.193306810512863E-4
3,3.9183551668902267E-4,5.2998387262238E-4
2,2.669451890978495E-4,9.81899284334605E-4
2,2.84384497828037E-4,3.762761286546465E-4
2,2.6818270026492596E-4,1.870248821746121E-4
2,2.8255423187135634E-4,6.8993490026771E-5
2,2.979457081585309E-4,9.265463375006118E-5
2,2.7979279339138217E-4,8.870706451607907E-5
7,8.656980126874421E-4,0.0026874472459977334
2,2.753490477743575E-4,2.073871416494068E-4
2,2.605825572923786E-4,4.452521695313311E-4
2,2.738425033828803E-4,1.4303401617973948E-5
3,3.984900134166829E-4,3.5813451576329955E-4
3,4.1119634338039455E-4,3.523005324091564E-4
2,2.852608164649408E-4,1.7334113475088412E-4
5,6.199696784765971E-4,0.002924541508133851
3,4.1777280666799185E-4,2.631093422818236E-4
7,8.31553383899032E-4,0.002963245631603702
2,2.961034809044332E-4,2.903351826053555E-4
7,8.522561283584866E-4,0.002787062307003861
4,5.028431778458527E-4,3.592875285918814E-4
4,5.151889591856435E-4,0.0011189586309147772
3,4.0603898371389274E-4,1.3974690595347874E-4
3,3.9042978603404685E-4,2.849508494440323E-4
3,3.936758068372959E-4,9.996137313240704E-4
8,9.757482186945902E-4,0.001983025863929279
2,2.667620668813016E-4,3.423886026493252E-4
3,3.792515567295915E-4,0.0011471798638622256
6,7.605892605634941E-4,0.0025072323461645166
2,2.8158156424810694E-4,1.2738262967629184E-4
5,6.399448068538086E-4,0.0012100509202101076
2,2.934041190080301E-4,1.0170069109009629E-4
2,2.653168058136995E-4,1.5679701731996856E-4
2,2.8892209511512985E-4,7.874315638792991E-5
5,6.376218565071769E-4,7.447773985220982E-4
4,5.060915956873949E-4,0.001797702946385097
2,2.833372916631657E-4,6.445531405738262E-5
4,5.036344838225421E-4,0.0016450318681513574
3,4.018539242812522E-4,4.434016787863071E-4
2,2.569519494699666E-4,9.179354384927427E-4
3,3.744993413817281E-4,6.020824508324572E-4
5,6.092401444745453E-4,9.492086332852648E-4
3,3.8505145408224833E-4,0.001475409791272521
3,3.9848059964950246E-4,7.503331441113223E-4
4,5.124814397271923E-4,0.0014907317738467347
5,5.973183239210636E-4,0.0022006812451878916
3,3.934533549684034E-4,0.0017527065416935148
3,3.736144753301643E-4,7.334718459311125E-4
4,5.115707488194326E-4,0.001249685364507416
5,6.118095922578198E-4,0.001868836312044779
4,5.108826908397629E-4,8.304289173342464E-4
2,2.903124094891395E-4,8.105611573690716E-5
2,2.757935535717242E-4,2.2692383663978594E-5
2,2.7958260952363546E-4,9.67398800921052E-5
5,6.281153335146762E-4,0.0013082498026001689
4,4.823700471327481E-4,0.0012344814784220133
7,8.58488502033165E-4,0.002021668826737845
3,3.9789366015701236E-4,7.146774611102486E-4
3,3.831268596858252E-4,5.373336956954753E-4
3,3.955034520190615E-4,0.0015046441249309287
7,8.578039930380808E-4,0.0019423987901876568
7,8.500025196967409E-4,0.0021152615608691647
4,4.92753757363441E-4,0.002684251894097341
6,7.204560041647125E-4,0.0025310516974137026
2,2.6598858957934025E-4,9.838096213090548E-5
4,5.202538202447918E-4,0.0023501814643138606
5,5.938780418381319E-4,0.0029162580213550303
4,5.046681310318604E-4,6.615149100913333E-4
4,5.13306406277164E-4,0.0015130639619463692
5,5.803399797427025E-4,0.0019420605774698439
4,4.889475833784556E-4,0.0027185112947722915
2,2.650876846353305E-4,3.1314335938180317E-4
3,4.018837922964732E-4,4.5290732308091126E-4
3,3.920465259020065E-4,7.213938608127615E-4
15,0.0017373378584581852,0.008557019151118839
3,3.799243035506598E-4,6.430779009167707E-4
7,8.278002758476625E-4,0.0015148214620230645
2,2.638675344660337E-4,2.2981991925634935E-4
2,2.854639434791275E-4,6.622703691205151E-5
3,4.092987620495814E-4,3.275126353162213E-4
5,6.374241785745752E-4,7.041366007568397E-4
3,4.02160486424039E-4,4.391286789903406E-4
5,5.995373640999967E-4,9.897540362893676E-4
3,4.0871378888957015E-4,6.575685165310636E-4
6,7.924095660373445E-4,0.0015866817043804291
4,5.006254201042525E-4,0.0010009761703612143
4,5.325544171313511E-4,0.0011643495034648979
3,3.857258427000883E-4,0.001206220627037452
4,4.961889884715549E-4,7.615282857562763E-4
4,4.980249933876149E-4,0.00106952207338736
5,6.187763538393663E-4,7.926326378290397E-4
4,5.070828750838047E-4,0.0013873028139564847
3,3.917050830132032E-4,3.58633904178091E-4
3,3.7570772869677976E-4,4.564562459988614E-4
5,6.147801396458569E-4,8.135572472145567E-4
3,4.074127609095001E-4,3.748399067486422E-4
2,2.694633992266081E-4,6.0214377628941E-4
3,3.807964694934752E-4,5.071066985901958E-4
3,3.900829477857E-4,9.522205304873358E-4
2,2.7298113648055217E-4,1.331949332961482E-4
3,3.9468211295431386E-4,5.226133360198113E-4
4,5.073392216793103E-4,6.722975453775751E-4
3,3.9770958768735125E-4,3.6182479010594216E-4
6,7.309002364969118E-4,0.002138248782803136
3,4.021615953766963E-4,4.7088700017070185E-4
2,2.6101795090382356E-4,5.116687611311776E-4
2,2.590753471167584E-4,1.8832117556919333E-4
4,5.013643558080902E-4,0.0010223019524524593
2,2.8043380049277397E-4,1.717685217670767E-4
4,5.068901624587936E-4,7.734782339993959E-4
3,3.9480113104093306E-4,4.611665233671107E-4
6,7.133028332198488E-4,0.0015402037425205801
3,3.966437422074309E-4,0.0011067026277202432
2,2.6330308738672253E-4,5.554564245200118E-4
4,5.019904230677091E-4,7.828512509184688E-4
5,5.89216559891759E-4,0.0033296194464194446
4,5.006567929748487E-4,2.5080633164999296E-4
11,0.0012681842797065157,0.00577224684713679
6,7.356489966148095E-4,0.002882823274637254
11,0.001301898918976044,0.003912198413648656
5,6.47035848750929E-4,0.0027047261357337807
7,8.168830893920786E-4,0.0040112935348027385
6,7.154863953328913E-4,0.003521768371791344
8,9.360288847913537E-4,0.004018351343441226
5,6.629123395384605E-4,7.453488300567292E-4
5,5.857437305516261E-4,0.0019395634062088826
3,3.9232912701668094E-4,6.684737385081224E-4
8,9.523119590824549E-4,0.005756428955293021
10,0.0011130945186396306,0.006363412028661908
9,0.0010704037008782592,0.003952504111184755
6,7.050391537470132E-4,0.0029472057005222236
4,5.134428714778576E-4,3.8121475459609085E-4
4,5.077075033751446E-4,6.121724096828429E-4
2,2.787331341229293E-4,1.7057892793392366E-4
6,7.341646952827904E-4,0.0024614983011903954
9,0.0010200793649583063,0.00513477136714076
4,5.068026126202377E-4,0.0012362353339389473
7,8.294446235890928E-4,0.00227727566907589
3,3.8664918301831934E-4,2.903911892877342E-4
4,4.732541478611307E-4,0.0014245867972845347
9,0.0010993367913171564,0.004317237014443159
6,6.943862099381129E-4,0.0020017605784247066
4,5.118654342169832E-4,5.993357547009153E-4
18,0.001975122714331343,0.00823894866680879
4,5.139997338685569E-4,7.11901967167173E-4
3,3.5796114927077495E-4,0.002161324188629414
10,0.0011737821425669074,0.005691139165323384
6,7.404788442401196E-4,0.004094032383026967
13,0.001480723604920977,0.008379610668746148
5,6.067185373909718E-4,0.0014161031944397455
16,0.0018134726969276092,0.011865663368192602
4,4.807315251445471E-4,0.0017260078971670753
6,6.918152983213849E-4,0.003568576096186535
10,0.0011668761709800446,0.007191337899501823
7,8.376399301555403E-4,0.002412616761626321
9,0.00105776255333009,0.006125509501117208
13,0.001444088707362592,0.006993674059778859
11,0.0012161597001465712,0.004766359042205236
12,0.0013324964142479993,0.008052473923922871
11,0.0012130709662087245,0.004982277056899424
8,9.304520023653684E-4,0.0034103706416987296
11,0.0012752561090553836,0.007027213137591793
3,3.743539987546122E-4,0.0012037329155038105
5,5.971439913188553E-4,0.0011591780633058238
3,3.584547570352437E-4,6.461692418785805E-4
6,7.261902606262464E-4,0.002209354444051292
15,0.0017279932823750694,0.00851175063407317
4,5.030650145835861E-4,0.001306804085169595
4,5.088726430953102E-4,0.001350531492635782
7,8.029288697800277E-4,0.002771638975950725
4,4.87333929838996E-4,8.393496698941469E-4
3,4.211132673059566E-4,3.666055468507178E-4
12,0.0013622460829787434,0.007238172281125202
7,8.234208353535975E-4,0.0032168720126490077
11,0.0012036637606466212,0.005481297378398604
4,5.01182109116937E-4,0.0017680845290866931
2,2.8873006952685856E-4,5.9435082098789365E-5
5,6.013804992344624E-4,0.0025148880757219876
5,6.298700867831813E-4,0.001524962057117877
2,2.533984426700053E-4,8.495427671960285E-4
7,8.251261667436084E-4,0.004328110909392234
4,4.767722433742465E-4,0.0014408195385870789
5,6.055723414980608E-4,0.0022350021486112117
2,2.718364709090833E-4,1.1998360178478332E-4
2,2.784081948780513E-4,1.9289831402534506E-4
2,2.6470075754852986E-4,5.961665326863139E-4
2,3.0978159700232986E-4,1.0572885204645534E-5
2,2.8514440213168383E-4,1.6509223033178553E-4
2,2.9377751381026186E-4,4.407562666826456E-5
2,2.780821006859274E-4,1.2824428308295485E-4
2,3.026666761646423E-4,6.471534526241425E-5
8,9.279089844052271E-4,0.0034065477308350715
5,5.98559274287486E-4,0.002103102503459293
16,0.0018050756030146041,0.00999070927502083
11,0.001271337109085906,0.009674458333282968
11,0.0012130274411079633,0.008284881126377019
2,2.717767764393225E-4,7.763379755533386E-5
5,5.574211459977837E-4,0.0034174080743166117
3,4.1234529544195844E-4,8.421355958342534E-4
14,0.0016386930310257975,0.01288907015807109
13,0.0015026949717646084,0.012473195939766826
4,4.7002130622204457E-4,0.0010201892807505345
8,9.35532452852938E-4,0.0034023503581361515
2,2.7784503640367796E-4,1.3716695634552055E-4
3,4.074473905109857E-4,0.0010841591899185049
2,2.982077515475198E-4,7.26102639490222E-5
2,2.857699791300507E-4,3.5228530729229975E-5
2,2.772468851117197E-4,1.7051613340256997E-4
2,2.7799911300178856E-4,7.079604132409934E-5
2,2.602234893600621E-4,3.738688757456384E-4
2,2.69425421738108E-4,9.636004185122498E-5
10,0.001084291758743082,0.008386650782098997
10,0.0011382131499698242,0.005051990477741597
8,9.157934812343118E-4,0.0043406016140416495
5,5.77203588811932E-4,0.0018211225090033812
3,3.631520083311401E-4,0.001479457801237456
4,4.896756239998931E-4,0.001284606841262163
2,2.935094722550296E-4,6.62294980470243E-5
6,7.151131758369001E-4,0.0036833978394963693
2,2.97031332475658E-4,6.428583566137362E-5
7,8.073345959494512E-4,0.005803658895366463
2,2.7999657544661323E-4,1.3914111525765516E-4
2,2.672620570871946E-4,2.184779649935452E-4
11,0.001255664716312544,0.00586857703511281
3,4.032438598313248E-4,3.45363225563448E-4
2,2.829580757458608E-4,1.916236507152723E-4
2,2.7041016114587974E-4,2.805646750830754E-4
2,2.845829953458069E-4,1.8188328643978252E-5
2,2.8883069877878924E-4,3.378580471962938E-4
2,2.612444009319673E-4,2.6689506714874296E-4
2,2.862860715592225E-4,7.1289872770807E-5
9,0.0010351427349823952,0.004306905301065324
6,7.159463411154208E-4,0.002004895666440215
2,2.615126629261239E-4,3.407807485697048E-4
5,5.922007526421757E-4,8.899195025852688E-4
9,0.001046479556498408,0.0048481455702239894
8,9.14647232110732E-4,0.0031978130931587675
4,5.019434820778021E-4,0.001443835054080507
2,3.050984289367619E-4,5.9929634171775133E-5
11,0.0012475204841739368,0.004700752752397772
2,2.713438731916334E-4,4.530403907305205E-4
10,0.0011573651303796741,0.003612781710475793
3,4.0888199107710986E-4,2.1181455610723256E-4
15,0.0016894729351203785,0.01201330045329653
2,2.9195706997387405E-4,1.3999800744766527E-4
2,2.835579425189E-4,1.5360522409953945E-4
2,2.902069718576875E-4,1.0243912306121743E-4
2,2.9092022214039913E-4,1.506633387753948E-4
2,2.7924311335073427E-4,5.305880360935819E-4
2,2.921865773166198E-4,1.0524901910438154E-4
2,2.7523264368597213E-4,1.5962231734210433E-4
2,2.646346347067846E-4,1.0605494692357496E-4
3,3.9800063854759574E-4,0.0014137064311819311
9,9.98201083534202E-4,0.005316076776570567
8,9.87970255453324E-4,0.005851479187724081
6,6.987242613665796E-4,0.0015888791484719707
2,2.688778433264492E-4,3.682083839980863E-4
16,0.0018184432493442812,0.010542120330948559
5,6.080404314006719E-4,0.0024507265404449044
2,3.170661510820448E-4,2.3333481677720874E-5
7,8.230718754408457E-4,0.0025486542930404756
2,2.787936125833986E-4,9.559973096037241E-5
4,4.899964308944033E-4,0.0010362490692143785
2,2.8013513527919067E-4,1.112927997978972E-4
2,2.7038524773269313E-4,1.00100704887877E-4
2,2.7948060557869984E-4,7.172995949731923E-5
2,2.9830850366485386E-4,7.848303435665156E-5
2,2.805048254858276E-4,1.5158587318606567E-4
2,3.021703150008185E-4,1.6655815366870233E-4
2,2.7500373583294716E-4,1.1517224240857326E-4
2,2.8065889448396913E-4,6.174383779909253E-5
6,7.372848595854785E-4,0.001607094012023411
5,6.139188600054774E-4,0.0028923006372516234
5,6.070512159564977E-4,0.001656787569415174
4,4.807596618186822E-4,0.0013013148625760323
6,7.459727328013663E-4,0.004023582164957193
4,4.777388146028175E-4,0.0017065973272168066
5,5.990810813024263E-4,0.0018951669520579646
8,9.112462514494696E-4,0.0028821750681752257
4,5.07967069631311E-4,0.0014140772416378984
2,3.056382810516662E-4,1.9595345083891222E-4
8,9.247529786003013E-4,0.003586146060316291
2,2.643659512936993E-4,0.0
2,2.8682732141084794E-4,1.0900919211681955E-4
2,2.8087094031343954E-4,5.122336359259412E-4
2,2.984924712088051E-4,9.096594889491337E-6
2,2.8361265917478397E-4,1.0164617073654236E-4
2,3.055541403912396E-4,9.684538303443116E-5
2,3.0131173811696264E-4,1.0824697007314222E-4
2,2.7181430402356056E-4,2.4379551650318266E-4
2,2.79640466299385E-4,3.0505614196633447E-4
2,3.0370954682411706E-4,3.793243573823578E-5
2,2.858819934094513E-4,1.1344397491387503E-4
2,2.878553938827015E-4,1.8160172132831938E-4
2,2.912988458688901E-4,8.500136036336635E-5
2,2.8299004506779796E-4,1.7468820267833277E-4
2,2.8730225174023334E-4,1.227401550302819E-4
2,2.85629809881119E-4,1.4079052070989045E-4
2,2.8340133908833225E-4,4.322964467314645E-5
2,2.9670160928327457E-4,4.097899917219105E-5
2,2.991191064040013E-4,2.8443493507397063E-5
2,2.839505952034529E-4,2.817722028547152E-4
2,2.937469645783872E-4,2.252066007529091E-4
2,2.8237981417998046E-4,1.0358136630559652E-4
2,2.8714170175695846E-4,1.1306546906279554E-4
2,2.7521702484648204E-4,4.18869298775444E-5
3,3.9888466641531655E-4,3.0826161812526115E-4
2,3.014802258708952E-4,3.2007595047052905E-5
2,2.674199533078499E-4,1.9175187291971287E-4
2,2.843550668493435E-4,1.5844774623743505E-4
2,3.048730142986313E-4,3.5318205953231055E-5
2,3.027968056083428E-4,8.734564061973289E-5
2,2.651731890853553E-4,3.9635446890739384E-4
2,2.927272680086855E-4,6.394515681396395E-5
2,2.6966841432457783E-4,1.2034362380860148E-4
3,4.249762676621177E-4,2.0592563959225284E-4
4,5.283889039789127E-4,5.243863860364108E-4
2,2.859875305622948E-4,1.230119362879532E-4
2,2.878878782941792E-4,3.5868144636581144E-5
2,2.8470878362619843E-4,1.4424290510729106E-4
3,4.1898138980855633E-4,1.7813559724751203E-4
3,3.985137129766327E-4,0.0010473811560374599
2,2.8881699292199523E-4,1.1666895059854796E-4
2,2.844465428424014E-4,1.756722009789845E-4
2,2.6396691757666425E-4,2.197168259891532E-4
2,3.04974545199857E-4,6.643226086316366E-5
2,2.9928347115769165E-4,1.272682881115028E-4
2,2.885438217906427E-4,5.8296005798817514E-5
2,2.9943505965750205E-4,5.871288567737767E-5
4,5.028155493021864E-4,0.0023254438646934327
2,2.6887096446481226E-4,1.7559832720303055E-4
3,4.081695072982398E-4,2.927983867505106E-4
3,4.1089985431476807E-4,6.679304251884477E-4
2,2.5602099239229267E-4,4.5750304485520055E-4
2,2.954792670475303E-4,4.8376148940190854E-5
2,2.912493080593243E-4,5.372669278151434E-5
2,3.015505613149065E-4,1.782004621408133E-4
2,2.7217269590767507E-4,1.2636799627662728E-4
2,2.90664558100494E-4,2.4394833913937958E-5
2,2.7510736947265036E-4,1.0824703795585335E-4
2,3.0275113024816975E-4,7.60227689482601E-5
2,2.820028356286016E-4,2.4833212995702917E-4
2,2.9198238866114026E-4,7.529337324013902E-5
3,3.780369407861306E-4,9.720986544266527E-4
2,2.7708566911144534E-4,1.095200596528025E-4
2,2.87023894905238E-4,8.942349925429043E-5
2,2.9270251222966525E-4,1.1089756689944174E-4
2,2.6392386261027515E-4,6.802783993261795E-4
2,2.6917588178641957E-4,8.416090309916847E-5
4,5.472655027676893E-4,0.0011832216093356212
2,2.7158591142644454E-4,2.7520807720312154E-4
2,2.8084397305320823E-4,8.617659866544256E-5
2,2.96522185752022E-4,7.054600442655099E-5
3,3.98943376572913E-4,2.4974480353507955E-4
3,4.270801529702155E-4,1.6714949338139944E-4
6,7.192748649587228E-4,0.0035916591807889637
3,3.792643391638802E-4,9.778070179997191E-4
3,4.1404138782006065E-4,9.057301038687015E-4
3,3.910725115899706E-4,6.340272153855469E-4
3,4.161918572686474E-4,6.857503145066941E-4
3,4.0320393597429686E-4,2.7377930052064513E-4
2,2.819513471314546E-4,1.210399604040869E-5
2,2.81311262311932E-4,4.8027677816683396E-5
2,2.7144661675368496E-4,1.0950292607409043E-4
2,2.9716769810286705E-4,1.295118051174235E-4
3,4.012713564206365E-4,0.0014178151535701525
2,2.840990397487678E-4,6.65221095525687E-5
2,2.936056494927702E-4,1.316904973536911E-4
2,2.898408208287693E-4,7.454051653070338E-5
3,4.0812649043936233E-4,9.029403887687137E-4
2,2.87020448024147E-4,1.0925528700789565E-4
2,2.946553128394941E-4,5.648516851478893E-5
3,4.180395318063709E-4,2.1974635316021163E-4
2,2.904642911819727E-4,5.084297894840154E-5
2,2.632954164187409E-4,2.377120953428605E-4
2,2.9990576569578385E-4,1.0897493180441532E-4
2,2.905441136558281E-4,8.092785153752357E-5
2,2.682402585209803E-4,2.619296857930961E-4
3,4.0161209938884294E-4,0.0012508683745088716
3,4.093956108921571E-4,7.625948754487817E-4
3,4.440507335262933E-4,2.1366886604347866E-4
2,2.790911930167826E-4,8.855554496328035E-5
4,5.386474862443697E-4,6.892299504729973E-4
