175,8.982819584024284E-4,6.209866509784132E-4
187,9.364984713664528E-4,6.795305082627367E-4
197,9.933395579950792E-4,7.871220279115433E-4
198,9.986676631140914E-4,8.023874182727994E-4
209,0.0010468108242188139,8.894347098697001E-4
212,0.0010548524801479902,9.086442616734256E-4
204,0.0010225382443949473,8.415390997595228E-4
189,9.582939043825628E-4,7.221509397227527E-4
202,0.0010087040066837554,8.098355778142988E-4
190,9.561881145202988E-4,7.19431308402216E-4
218,0.0010828490451146565,9.613093496923975E-4
201,0.0010035328028906378,8.021565961164724E-4
203,0.001021743108540637,8.399795200864318E-4
203,0.0010115316799124024,8.206968462604926E-4
203,0.001021254569996525,8.402484932359933E-4
176,9.02670633381128E-4,6.293141064167204E-4
207,0.0010339848299942536,8.683741296215991E-4
225,0.0010995914958773416,9.934041819719824E-4
213,0.0010534603200049381,8.995985988384718E-4
206,0.0010218964312946992,8.339875429501192E-4
197,9.899603811476707E-4,7.80190694507117E-4
209,0.0010403852773004409,8.784915355599094E-4
192,9.680011780591102E-4,7.424958290106526E-4
222,0.0010962673527556888,9.899709168709613E-4
192,9.683771374210213E-4,7.405844990949253E-4
219,0.0010866499925175218,9.769849207807136E-4
211,0.0010534260938223914,9.069778152246337E-4
212,0.0010574455902309587,9.144754507950544E-4
204,0.0010178814998551794,8.315246375418122E-4
190,9.651793616776605E-4,7.382485194487439E-4
216,0.0010695882174286116,9.333609982011916E-4
231,0.001130674279682043,0.0010595214657896312
176,9.0806605299511E-4,6.375092328971608E-4
201,0.0010090589314412479,8.142513667817776E-4
214,0.0010683447809190494,9.349644582514983E-4
203,0.0010205376702681357,8.430178798372048E-4
199,9.99427573089657E-4,8.017415443791117E-4
188,9.523328342178465E-4,7.12435685772463E-4
181,9.208893952653461E-4,6.562683136555782E-4
188,9.472533736454621E-4,6.986109399855161E-4
209,0.0010403308399028345,8.757018568182937E-4
185,9.395540675213976E-4,6.894666227790489E-4
190,9.60150933342915E-4,7.219931061035134E-4
200,0.001007043513322759,8.098464385274701E-4
185,9.338943815445723E-4,6.783485023331324E-4
196,9.857782008724858E-4,7.709537863372606E-4
207,0.001023817468643216,8.356212010243966E-4
226,0.0011155774344285756,0.0010301647269645095
208,0.0010316192584016405,8.584102903943994E-4
193,9.674149009187914E-4,7.337217036309896E-4
207,0.0010334826811553453,8.597567786622487E-4
182,9.246805888842402E-4,6.642255616624652E-4
207,0.0010357285180123987,8.67805332583905E-4
201,0.0010032643523068408,8.062334042341014E-4
212,0.0010489830557605612,8.956303766301609E-4
201,0.00100649226215584,8.10772849291395E-4
196,9.852740486601137E-4,7.763433725850035E-4
192,9.682402695281423E-4,7.40701013023138E-4
183,9.284331673238477E-4,6.698947153325859E-4
211,0.0010518084822411207,8.98687559826733E-4
169,8.726280161900858E-4,5.757863378515246E-4
224,0.0011029331808396325,0.0010003241234149704
203,0.0010155491815935316,8.328807870181796E-4
183,9.287359212547598E-4,6.717629348198921E-4
207,0.0010342687095910318,8.649155841492142E-4
178,9.09039206677722E-4,6.386234150267245E-4
199,0.0010038062451534397,8.074174862035695E-4
212,0.0010552237870456076,9.058261625544778E-4
186,9.393894845628804E-4,6.883209248228208E-4
189,9.550369433454804E-4,7.131491146674004E-4
215,0.0010671404045632718,9.293520842767448E-4
214,0.0010533268811046088,8.956756244509643E-4
182,9.287256814698478E-4,6.695801526626587E-4
179,9.122721171538697E-4,6.417478660533916E-4
220,0.0010970535213102968,0.0010003027474950786
210,0.0010420312821537627,8.809791244226132E-4
207,0.0010355283031582873,8.692731845201619E-4
201,0.0010101176252669147,8.172462778748763E-4
190,9.587338480702735E-4,7.190325036186901E-4
196,9.878319306573073E-4,7.744352061649756E-4
196,9.911014182237181E-4,7.875857514997349E-4
195,9.82256335210759E-4,7.67406626619253E-4
193,9.729196526894595E-4,7.471588574229652E-4
193,9.734394445500943E-4,7.530437662954252E-4
194,9.767465870693527E-4,7.531649613705733E-4
194,9.728420021654254E-4,7.472968547195828E-4
197,9.928298809760972E-4,7.836526762990091E-4
198,9.902898984245664E-4,7.814717874273028E-4
190,9.548658478373938E-4,7.128818034872601E-4
207,0.0010310007437798778,8.607788949308208E-4
229,0.00112947016015878,0.0010642597438214375
202,0.0010092937640719273,8.119330254282991E-4
194,9.751489589481415E-4,7.509657293190469E-4
211,0.0010480725782066973,8.921965474447984E-4
181,9.201581591301089E-4,6.54957273749617E-4
196,9.83505979908082E-4,7.614831517143671E-4
199,0.0010008003085526947,8.002794605991529E-4
197,9.904565715949825E-4,7.806882550416065E-4
182,9.291591631072312E-4,6.699834419323372E-4
216,0.001069630766608967,9.35004330873196E-4
196,9.787267667483457E-4,7.604613070036257E-4
192,9.686181242552393E-4,7.397310429290609E-4
204,0.0010132489317947573,8.198043314849241E-4
204,0.0010190535197964327,8.338875159302683E-4
182,9.274957279715284E-4,6.695656257147626E-4
204,0.001021340390423945,8.398743827972258E-4
196,9.837855503489039E-4,7.657830332322537E-4
206,0.0010292554194385576,8.603664560926888E-4
214,0.0010566590698862588,9.033462742996077E-4
210,0.0010441095045142358,8.84948139857818E-4
206,0.0010267984331661557,8.481625963973748E-4
215,0.001063583963963677,9.233167124628213E-4
203,0.0010122561252798948,8.177712210681468E-4
213,0.0010579146374812898,9.172892501353291E-4
186,9.436868300135646E-4,6.945893634495461E-4
199,9.982626277983413E-4,7.943913455359557E-4
212,0.0010546519616940419,9.024256370475907E-4
209,0.0010457930254500131,8.919912208537717E-4
203,0.0010119493435875552,8.189125928737711E-4
214,0.001061200590355728,9.17546308273668E-4
205,0.0010271722615482117,8.547319928908495E-4
199,9.947381050683342E-4,7.885320518329173E-4
191,9.63358688213346E-4,7.340042792401708E-4
177,9.024852262656082E-4,6.247826369138512E-4
204,0.0010199167573318026,8.39870843406664E-4
178,9.11349669726416E-4,6.414573729298432E-4
190,9.636971994618973E-4,7.348197269559779E-4
219,0.0010838406350435865,9.661897317131202E-4
196,9.828759024181567E-4,7.636715588577442E-4
172,8.822386439772524E-4,5.925799726718031E-4
203,0.0010148447997920678,8.273936804570059E-4
197,9.860156334226958E-4,7.703357319863462E-4
207,0.0010276188077414485,8.513772571042688E-4
176,9.004287360239814E-4,6.245612872290533E-4
187,9.473900771087663E-4,7.00967370639197E-4
196,9.893773313190322E-4,7.827737388765648E-4
207,0.0010359433008727968,8.668935704455172E-4
198,9.954359723790438E-4,7.907001724266802E-4
193,9.692456854384567E-4,7.396478544581691E-4
221,0.001092115600313914,9.83193018326222E-4
188,9.509199379719422E-4,7.074676359480855E-4
190,9.562102064351989E-4,7.185380486597113E-4
220,0.0010905904187175131,9.78108184614505E-4
207,0.0010276282981004654,8.507832773352112E-4
198,9.891583185280984E-4,7.738188499476571E-4
202,0.0010046741769166579,8.10933592864298E-4
204,0.001021726709085545,8.390815341311333E-4
195,9.763805200949259E-4,7.52076830422566E-4
203,0.0010203924139870666,8.420368645738605E-4
199,9.985194952985964E-4,7.951549193390504E-4
208,0.001036739630724643,8.687916840760447E-4
210,0.0010483105780884439,8.923581946772358E-4
191,9.666795692987892E-4,7.397824607066366E-4
206,0.0010201493104155261,8.352488092587145E-4
213,0.0010571707742323773,9.097646937804726E-4
207,0.0010260980457912907,8.468065399258244E-4
178,9.096774346008321E-4,6.413357263691781E-4
220,0.0010888821296764079,9.807864476914987E-4
206,0.0010369094530265257,8.774330147239787E-4
215,0.0010669513770747044,9.281314055384415E-4
214,0.0010644064311435518,9.213513594173548E-4
208,0.0010395316010335185,8.767044554026039E-4
200,0.0010009269659533074,8.009284977911169E-4
187,9.463378803319222E-4,6.996969675177663E-4
190,9.546259968611552E-4,7.109111163139694E-4
214,0.0010687688906060807,9.358539064542873E-4
184,9.398075650307764E-4,6.946298535344661E-4
187,9.48174155359358E-4,7.038951160287828E-4
224,0.0011075365656381439,0.0010201607949866306
184,9.323252401123705E-4,6.737714584575762E-4
194,9.791176132882494E-4,7.626608487486709E-4
221,0.0010929159860002245,9.833444836152283E-4
204,0.0010229866490320861,8.474053866903302E-4
195,9.753501429328794E-4,7.496372493071513E-4
197,9.914157083852067E-4,7.828557788216851E-4
199,9.974477181912873E-4,7.900134420288175E-4
205,0.0010278702446395165,8.549286323543968E-4
201,0.0010083159832035594,8.15361883009212E-4
211,0.0010547949145877336,9.076281722756073E-4
196,9.899842567188078E-4,7.833688400536187E-4
204,0.0010208790100038083,8.360512427216606E-4
188,9.49094165356688E-4,7.037191241089809E-4
195,9.757739094481876E-4,7.477236275547108E-4
219,0.0010826830014672316,9.649483129826619E-4
178,9.095648622668829E-4,6.387355894959077E-4
193,9.704413958206013E-4,7.47689011791425E-4
220,0.0010854962411960079,9.674043765912222E-4
197,9.900717364642497E-4,7.789878784200407E-4
193,9.731535050681684E-4,7.502402125016475E-4
205,0.0010229980420186234,8.425224849658317E-4
187,9.503280546510403E-4,7.098438966813653E-4
206,0.0010310187089611776,8.586187589718173E-4
194,9.78279729186652E-4,7.597095373385653E-4
203,0.0010111757369168934,8.170004572356868E-4
192,9.68477493685304E-4,7.400221204456587E-4
196,9.869675745928016E-4,7.757777631105617E-4
193,9.699833876087001E-4,7.431396886585026E-4
192,9.71180985976553E-4,7.436576442851424E-4
177,9.098639496686221E-4,6.413931547589988E-4
197,9.898198888687287E-4,7.799145740080946E-4
185,9.38080674124862E-4,6.854130496725001E-4
203,0.0010129508288106554,8.232389504991801E-4
178,9.046474103192901E-4,6.255790015388931E-4
187,9.483616825528026E-4,7.047468283726482E-4
213,0.0010571715965639866,9.088562169243637E-4
181,9.153933479215755E-4,6.475830689383579E-4
205,0.0010258808854496904,8.535532157328833E-4
183,9.268440216980697E-4,6.633143618533435E-4
201,0.001007108258513973,8.097497250508138E-4
201,0.0010010592218607554,7.994412893982642E-4
205,0.0010269966799120098,8.558674750055617E-4
220,0.001094094859498381,9.901494997465517E-4
192,9.702789300134597E-4,7.468064845296683E-4
211,0.0010493210166353762,8.95116242282302E-4
174,8.864022624720538E-4,5.942982263926473E-4
198,9.94354484708931E-4,7.864467422837308E-4
208,0.0010331394075831818,8.628521756580569E-4
197,9.878488195807088E-4,7.75214717232666E-4
179,9.189061229916388E-4,6.589665554999076E-4
206,0.001038292076818062,8.771311104317238E-4
165,8.512922398399189E-4,5.43020798980007E-4
216,0.0010695316938610022,9.376384828985753E-4
217,0.0010742374613239734,9.427704269783835E-4
223,0.0011040114030474147,0.0010083023151144892
199,9.933008146645545E-4,7.875395737732443E-4
193,9.705191550035812E-4,7.431676562394926E-4
199,9.95475587326386E-4,7.914704095657335E-4
207,0.0010288870700798241,8.535481869114282E-4
221,0.0010968695136189847,9.97585796244295E-4
202,0.00101523928951144,8.260985041012131E-4
198,9.974944874844706E-4,7.928969316243605E-4
201,0.0010039839477009374,8.043304754101332E-4
213,0.0010661901231891022,9.317247898481905E-4
216,0.0010705949751474402,9.355751149589692E-4
180,9.17805505827295E-4,6.494651217245241E-4
206,0.0010255861949337699,8.516570411356145E-4
206,0.0010319882908020796,8.667074073065142E-4
221,0.0010832408983338943,9.558717291306251E-4
180,9.187486217240951E-4,6.517099748483796E-4
194,9.82332264817573E-4,7.670555084855329E-4
227,0.001121157531722315,0.0010449558202227528
203,0.0010120874832363045,8.205484515515722E-4
199,0.0010010592974908745,8.048784479453504E-4
208,0.0010341000753999667,8.606097144520147E-4
171,8.811827539600141E-4,5.942299294466626E-4
185,9.362955269199597E-4,6.82934248077606E-4
198,9.951303190429783E-4,7.904544424087833E-4
211,0.0010504440008189658,8.924590926343822E-4
208,0.0010320967990894373,8.564050217582525E-4
212,0.0010553513352325541,9.085509949761701E-4
172,8.849535417915265E-4,6.010215267977913E-4
197,9.873904973909835E-4,7.739286980963986E-4
193,9.7162269213953E-4,7.455036323827855E-4
211,0.0010532024718883193,9.049259384080083E-4
192,9.652647097453533E-4,7.333014754358611E-4
200,9.97505979040821E-4,7.897704240265893E-4
184,9.354228917737528E-4,6.819685361967065E-4
202,0.0010138344823623223,8.243920547480506E-4
197,9.952730888679886E-4,7.926011483190299E-4
207,0.0010270429554384718,8.506131647757526E-4
213,0.0010529100838468988,9.006513264761027E-4
227,0.0011151919492518377,0.0010231873817177415
196,9.827164473112497E-4,7.650332323008498E-4
205,0.0010287552013708305,8.59653842793204E-4
225,0.0011122694388544668,0.001025982043195202
211,0.0010483248612975424,8.907863619237341E-4
208,0.0010368444544824953,8.689442469545188E-4
199,9.952821041586287E-4,7.882751920253433E-4
211,0.0010505077333840622,8.978191830858961E-4
214,0.001061025741906857,9.172320200682324E-4
191,9.664766089345711E-4,7.351956009491113E-4
199,9.954763870278214E-4,7.897470447730187E-4
193,9.760880694546258E-4,7.568460194398811E-4
190,9.522114615926358E-4,7.060338841419748E-4
198,9.892577870393021E-4,7.776971706388588E-4
199,0.0010009750107857548,8.022451271498974E-4
209,0.001038988560654397,8.754302829579779E-4
194,9.804883394918106E-4,7.686652399550364E-4
182,9.209973725176558E-4,6.543307711611882E-4
189,9.533855480293436E-4,7.126836025381355E-4
223,0.0011005067549675325,9.975084184149514E-4
209,0.0010409570641651906,8.768915032255697E-4
205,0.0010220800117797212,8.386489493052436E-4
218,0.0010840226088097958,9.702743285020884E-4
204,0.0010185003887875897,8.364901072596483E-4
193,9.705194924314747E-4,7.456508536009717E-4
212,0.001057840767329976,9.172946781065177E-4
192,9.689784830305171E-4,7.424815264949748E-4
215,0.0010635724479772916,9.244214397742461E-4
229,0.0011251208268498714,0.001050776809546659
181,9.244974916682426E-4,6.680603468705503E-4
193,9.786240035691645E-4,7.640820289169077E-4
202,0.0010165414860419046,8.349639980951913E-4
190,9.623732675002149E-4,7.265247256345444E-4
177,9.0082147005011E-4,6.233182147160362E-4
199,9.926328297822223E-4,7.83286052797297E-4
178,9.093053690267596E-4,6.356660489178547E-4
190,9.640908304558223E-4,7.363508529761412E-4
198,9.960786300320984E-4,7.962006762348315E-4
195,9.84288417645082E-4,7.703453780937287E-4
230,0.0011293774824986166,0.0010610421661021092
218,0.001080632119895622,9.597157126966932E-4
209,0.00104152303020101,8.763012036610123E-4
214,0.0010638981181225438,9.271134092616321E-4
231,0.0011378499467847969,0.0010825578436518255
211,0.0010522413473833057,9.028295553068598E-4
199,9.9503558219394E-4,7.885871911392782E-4
193,9.689006775222898E-4,7.425705375382557E-4
207,0.0010342104895116053,8.643622474014625E-4
214,0.0010565156206583618,9.073325189587293E-4
183,9.27417704058747E-4,6.665780477796818E-4
183,9.330964459191259E-4,6.783525066535578E-4
190,9.594491561049616E-4,7.257156095677046E-4
207,0.0010301322630900036,8.606623729228633E-4
191,9.686118645125318E-4,7.450170097061417E-4
221,0.0010892415812848093,9.778378628720738E-4
171,8.812625128097338E-4,5.914608262597933E-4
216,0.0010700101933003407,9.339830809858282E-4
185,9.467653468210491E-4,7.064645067664566E-4
197,9.861927132649518E-4,7.713011722159327E-4
192,9.726217991309602E-4,7.519617706061197E-4
185,9.328461380098415E-4,6.78947667652578E-4
209,0.0010403965256765707,8.778458750883128E-4
190,9.593283107616099E-4,7.229823985795968E-4
177,9.071819687442779E-4,6.351463368257918E-4
200,0.0010052047108228411,8.09467625093729E-4
180,9.180960979854987E-4,6.562725610129647E-4
186,9.436990275943056E-4,6.893328742015503E-4
203,0.0010106502216605535,8.150560324645765E-4
203,0.0010175695482925928,8.328460333173269E-4
227,0.0011170548143540104,0.0010352063586828956
207,0.0010306400339155863,8.59064429305459E-4
184,9.345534765895605E-4,6.783589782801306E-4
180,9.150843505124807E-4,6.492708308498864E-4
215,0.0010686275165823964,9.355325084802425E-4
208,0.0010327491109518045,8.606949059488483E-4
209,0.0010435014100274036,8.866910275329442E-4
197,9.923904868641717E-4,7.843338921120175E-4
191,9.673238540133264E-4,7.400365583340901E-4
175,8.950628083884962E-4,6.131536424194199E-4
196,9.873151949692672E-4,7.788729608167134E-4
171,8.774922264033483E-4,5.817071125190832E-4
197,9.93120343215511E-4,7.91591596017673E-4
196,9.834392243149965E-4,7.700105936112246E-4
196,9.86372727290291E-4,7.712762917821475E-4
197,9.89223988921729E-4,7.823003919005526E-4
204,0.0010195911401467217,8.342537864573629E-4
190,9.55906882663315E-4,7.189998771239296E-4
191,9.677141273720732E-4,7.414932750495071E-4
190,9.597039919474637E-4,7.251722301984966E-4
185,9.407461151836708E-4,6.918498149075732E-4
207,0.0010325864071083924,8.634705422827023E-4
216,0.0010626343527264308,9.158166159143079E-4
223,0.001102246597275759,0.001008017001461673
211,0.0010498347623392483,8.952384131463721E-4
196,9.931950398753366E-4,7.882869117153825E-4
176,9.012363770060305E-4,6.219698082913244E-4
192,9.753737147587328E-4,7.532327582629192E-4
203,0.0010149063684559269,8.256569209914589E-4
199,9.974749518601948E-4,7.981459056842744E-4
204,0.0010125824833337965,8.233088811464607E-4
197,9.860022153111235E-4,7.70474937438869E-4
191,9.699993746287774E-4,7.43515487132918E-4
232,0.0011371279596412833,0.0010767409057249925
184,9.339285077075852E-4,6.796434153815973E-4
189,9.575787958894863E-4,7.251617826355782E-4
185,9.383098364077657E-4,6.858449279546983E-4
222,0.0010932832743947693,9.84243438981828E-4
199,9.989678754279828E-4,8.013249164324494E-4
196,9.925918513264997E-4,7.833220300148256E-4
199,9.968097981019612E-4,7.943382460234032E-4
201,0.0010041765738301755,8.025491787409564E-4
221,0.0010959330252116807,9.943396946884668E-4
211,0.0010499780338266123,9.00497774758415E-4
195,9.81694406947794E-4,7.654350650437485E-4
218,0.001081960360777455,9.61112850987742E-4
183,9.300983109679423E-4,6.715434546735461E-4
222,0.0010979728587457956,9.965773933535086E-4
184,9.355767015478207E-4,6.836830469902942E-4
203,0.00101296337459967,8.208757039105341E-4
201,9.99459797325515E-4,7.923389098357117E-4
203,0.0010186263839738461,8.33376343395298E-4
201,0.0010143398782165765,8.29005335505712E-4
197,9.921076006665821E-4,7.852368859795669E-4
199,9.957076129488635E-4,7.893697512970422E-4
204,0.001024463174744344,8.478064942677235E-4
180,9.151434076787104E-4,6.474573208449035E-4
195,9.771171537755132E-4,7.544144869388023E-4
202,0.0010129258978769146,8.244713036222618E-4
202,0.0010130017137743217,8.243000917428192E-4
210,0.0010462913707360185,8.897540100586125E-4
205,0.001024956163338155,8.488856881826276E-4
211,0.0010540582404623994,9.066991759086242E-4
210,0.0010442944981497138,8.840172419670178E-4
192,9.730988492305862E-4,7.513791287380397E-4
214,0.0010663756507364426,9.331593045110385E-4
218,0.0010790798399273876,9.516291237049086E-4
205,0.0010253844971754775,8.462076815314597E-4
204,0.0010226578018207243,8.448566660134547E-4
185,9.424439601669768E-4,6.953608950266842E-4
201,0.001010186810798503,8.191266686663842E-4
220,0.0010870267200413944,9.723550753215394E-4
195,9.815582667213267E-4,7.627556693437823E-4
187,9.451000455261768E-4,6.960248657703331E-4
194,9.809089064899902E-4,7.660565562001896E-4
190,9.625590985499011E-4,7.278370269724734E-4
183,9.308817443158395E-4,6.734547012393586E-4
194,9.748838378601755E-4,7.530190252709595E-4
209,0.0010447073506923627,8.889051793202998E-4
218,0.001083757416591051,9.651667264573941E-4
209,0.0010383768659194266,8.72199181420337E-4
196,9.911990922782136E-4,7.823871015854685E-4
217,0.0010763271864593711,9.493518286882585E-4
192,9.714727440033581E-4,7.445186488998452E-4
198,9.96283565933621E-4,7.985174658878427E-4
194,9.742553225009064E-4,7.484841735719152E-4
193,9.717879896183494E-4,7.455534782552719E-4
186,9.397588413554504E-4,6.874726204531504E-4
209,0.001037225999063045,8.680714350101631E-4
217,0.0010779307502689947,9.548237590547769E-4
198,9.90584881131094E-4,7.797905276774993E-4
199,9.916823447596208E-4,7.793818645818175E-4
196,9.898255780143989E-4,7.813774138683203E-4
189,9.543936155705981E-4,7.132071700118322E-4
191,9.645187431306355E-4,7.330747774916664E-4
187,9.456204061749023E-4,6.968804117938889E-4
208,0.0010426298451789333,8.806769914222611E-4
215,0.0010666884731257472,9.277986225255063E-4
187,9.469347599304534E-4,7.001579197015786E-4
198,9.975851909794118E-4,7.966232399858139E-4
201,0.0010039467570434112,8.029303323917322E-4
226,0.0011151484306255418,0.0010328143091531228
205,0.001019061147891944,8.321580106171381E-4
189,9.605203805500946E-4,7.256958365950682E-4
195,9.746527919605568E-4,7.496589216589188E-4
194,9.780891581085511E-4,7.596532158557685E-4
211,0.0010466409061778703,8.918130340415687E-4
178,9.064965959628545E-4,6.304018653523008E-4
223,0.0010994894524749305,9.968262725096437E-4
210,0.001045272782054261,8.860483199885658E-4
186,9.472601476975286E-4,7.024750947158232E-4
196,9.820490648169893E-4,7.637725040420079E-4
189,9.572843497109811E-4,7.219116890645938E-4
203,0.001013662326573357,8.244010949194534E-4
203,0.0010118684719325503,8.190596609366925E-4
187,9.491204840828652E-4,7.0625778246791E-4
200,0.0010002230119971003,7.968341706057533E-4
183,9.295430103382399E-4,6.720484299637331E-4
187,9.438139130522724E-4,6.936014558299291E-4
209,0.0010393145104683381,8.711072889819549E-4
192,9.696624072277298E-4,7.463700195636106E-4
221,0.0010940697751753458,9.89289175997604E-4
178,9.125125609237905E-4,6.429174728185167E-4
213,0.0010578604818181475,9.129351811055075E-4
193,9.704206517911965E-4,7.406660376096801E-4
191,9.632880733987972E-4,7.330596372812241E-4
189,9.574282065767186E-4,7.183815907418611E-4
202,0.001014656869550737,8.270000555401748E-4
196,9.882850897135868E-4,7.764265599859947E-4
207,0.0010279177435778828,8.541193908118543E-4
201,0.0010045042815330393,8.032477779992498E-4
204,0.0010192773238968994,8.362460347548067E-4
200,0.0010001681806933048,8.013724034458936E-4
206,0.0010319572520190929,8.605905343107766E-4
199,9.995521125835535E-4,8.022971159140166E-4
203,0.0010218178370966014,8.43041142693397E-4
192,9.673520654054429E-4,7.397766127989847E-4
199,9.995327334350003E-4,7.987385666495387E-4
204,0.0010187704873838045,8.365236677666309E-4
200,0.0010048829697717194,8.071889404043459E-4
185,9.402509688837041E-4,6.924868288583386E-4
207,0.0010347198280207428,8.640146352978974E-4
196,9.849872363118135E-4,7.666417355300011E-4
194,9.770783717384618E-4,7.557229473818193E-4
191,9.667917090287297E-4,7.389519265597608E-4
194,9.806305690962512E-4,7.6506248889885E-4
189,9.500912638219271E-4,7.068679922308013E-4
195,9.821786687117665E-4,7.674362895664526E-4
189,9.519634753633653E-4,7.062650430557334E-4
201,0.0010056443261640452,8.127361775624717E-4
199,9.98708470044238E-4,7.937517628374746E-4
227,0.0011251577147742174,0.0010595990942941342
219,0.001087248557316124,9.743748581570832E-4
201,0.001008340091062058,8.163423160272974E-4
196,9.883683485534596E-4,7.81978060132841E-4
170,8.800778242779346E-4,5.902794251950272E-4
208,0.0010339825476017913,8.591989649010242E-4
196,9.819891599557175E-4,7.642337700942794E-4
205,0.001020822253548681,8.387441597261791E-4
211,0.0010456543072680582,8.853310272481131E-4
186,9.438077198274252E-4,6.975799601307061E-4
186,9.421895297851561E-4,6.935101774350511E-4
185,9.434046059699403E-4,6.963478086023091E-4
192,9.67411588827316E-4,7.379587308175663E-4
210,0.0010438434677617475,8.815939869987364E-4
207,0.0010335199159001143,8.64468311857238E-4
169,8.682791135134896E-4,5.673988232005887E-4
213,0.0010602182952457483,9.220945126302243E-4
184,9.327513972771043E-4,6.774936203880754E-4
201,0.0010061848787524747,8.143881410550331E-4
203,0.0010133496328220708,8.242996976241536E-4
211,0.0010471929305522019,8.839210163315309E-4
200,0.0010013154910655533,7.996532394648737E-4
228,0.0011280868027524885,0.001062158134060495
197,9.86745092044665E-4,7.713638849313001E-4
211,0.0010477319168893764,8.944536342732493E-4
209,0.0010394486533526648,8.76657738736262E-4
201,0.001006436783120389,8.111715310119387E-4
190,9.624480852485854E-4,7.348389772384258E-4
204,0.0010196579550637865,8.375387141740341E-4
179,9.106739440497187E-4,6.365982593721501E-4
186,9.424260148814676E-4,6.893122193102347E-4
192,9.667694221346617E-4,7.383460237996498E-4
202,0.0010065111729751542,8.093385885162902E-4
216,0.0010721502617348129,9.456867932142133E-4
197,9.91934912361646E-4,7.859335298700191E-4
199,9.944865372280116E-4,7.887183989656153E-4
211,0.001050062847136471,9.019878622332777E-4
219,0.0010816480759878475,9.600374982526036E-4
202,0.0010096725991401055,8.156082769622958E-4
179,9.089701370411974E-4,6.346039324618353E-4
176,8.986578678563248E-4,6.176141628882713E-4
199,9.997284859747692E-4,7.952255032696462E-4
179,9.163761044978601E-4,6.485684347752423E-4
197,9.900185837902415E-4,7.845395070357382E-4
210,0.0010456971768101275,8.867167341379227E-4
197,9.905600888185904E-4,7.797446360200175E-4
206,0.00103064400423593,8.584882547724597E-4
206,0.0010277503939308788,8.514096077815767E-4
188,9.566200020914957E-4,7.242171219566635E-4
204,0.0010174352420951305,8.247937967853366E-4
197,9.932972372709925E-4,7.880732783115786E-4
209,0.0010411023957698625,8.830961553731296E-4
209,0.001045847189677108,8.875708712246322E-4
228,0.0011252799729984625,0.0010550447532088113
196,9.838515699470212E-4,7.677030479232812E-4
209,0.0010414024476927911,8.804744953818134E-4
183,9.261186450863412E-4,6.613890823720623E-4
192,9.696218414087213E-4,7.45031095454396E-4
218,0.0010783596012567816,9.490113068548201E-4
222,0.001093582348714259,9.856640240231073E-4
195,9.812772011457286E-4,7.674094519143298E-4
213,0.0010580197460584866,9.126671753337203E-4
190,9.658030436420034E-4,7.445960782956493E-4
207,0.0010318481266861426,8.622774041882771E-4
197,9.894013496462286E-4,7.82628017026343E-4
202,0.001009503039956992,8.167531187969704E-4
208,0.0010369836789861934,8.725742898493334E-4
201,0.0010014636534448704,7.959512101836717E-4
189,9.522481422574231E-4,7.080576405602596E-4
188,9.530121383050298E-4,7.074384844315895E-4
199,9.964950559715237E-4,7.924424733612666E-4
200,0.0010033203411698817,8.034081754999804E-4
196,9.900277828197596E-4,7.815949218725424E-4
195,9.816412457261787E-4,7.668575444396374E-4
206,0.001026000916402112,8.488787273740007E-4
206,0.0010321997536424684,8.569776272982345E-4
202,0.0010112636825442701,8.188274669583805E-4
198,9.921784643420414E-4,7.844121116900984E-4
209,0.0010363123721614075,8.670337211663031E-4
197,9.870603123467814E-4,7.771991780242894E-4
181,9.21451786944802E-4,6.588418902998859E-4
212,0.0010579907636739379,9.144981683798699E-4
202,0.0010088348557991708,8.155149852867085E-4
208,0.0010340487875143787,8.648060672020456E-4
205,0.0010244381998765798,8.424633978879262E-4
195,9.795913102908463E-4,7.590564798901811E-4
208,0.001034157599528081,8.66636517951365E-4
192,9.60809552732158E-4,7.2405975020195E-4
201,0.0010058873349346634,8.093725166153522E-4
201,0.0010113832018740058,8.204685937639806E-4
201,0.0010121540367457294,8.260534580634956E-4
211,0.0010494092804100874,8.936746489607907E-4
186,9.401438677619235E-4,6.839313702711258E-4
206,0.0010298320618281822,8.593312509994781E-4
201,9.980232161888268E-4,7.91918316951421E-4
193,9.765885517631187E-4,7.590517509433562E-4
206,0.0010272238266930234,8.539585353510232E-4
188,9.552626500079533E-4,7.194345999850467E-4
200,0.001000797701900393,7.973180087876315E-4
202,0.0010154670533154444,8.260733367277081E-4
186,9.451663478199679E-4,7.033057802039474E-4
180,9.150738067846791E-4,6.455631731526621E-4
191,9.630247253105583E-4,7.245793184489343E-4
206,0.0010291125835587738,8.586886560337589E-4
215,0.001065072721010925,9.22963126872229E-4
183,9.281655994675398E-4,6.67762135684183E-4
222,0.0010944123948580557,9.905194489209744E-4
198,9.930755800145652E-4,7.849015583712333E-4
192,9.661165118994735E-4,7.335641470506929E-4
206,0.0010297513730090425,8.534562511650083E-4
170,8.784722910658797E-4,5.901313022663164E-4
217,0.001078714457858218,9.544943935686354E-4
200,9.965971274993617E-4,7.91281065862603E-4
193,9.716310476575574E-4,7.460935214079126E-4
214,0.0010557747160498728,9.027679612783192E-4
208,0.0010343229970875558,8.599967179044832E-4
184,9.350489660523334E-4,6.832184119651978E-4
197,9.894673479407998E-4,7.805439426028051E-4
171,8.740975545127243E-4,5.793013612543738E-4
206,0.0010284926115658381,8.495711332525269E-4
210,0.001045569053011164,8.84466546435402E-4
215,0.0010671348236819015,9.341206389496083E-4
203,0.0010120287517262365,8.188329626687194E-4
193,9.682456832060398E-4,7.351225997901872E-4
171,8.777129255474656E-4,5.874907593894316E-4
174,8.888266410501397E-4,6.011117130798255E-4
210,0.0010476944715799021,8.97147252478175E-4
203,0.001015677395622201,8.280403403952216E-4
188,9.511496239099654E-4,7.049535584845715E-4
205,0.0010238119966569038,8.468870729527931E-4
208,0.0010390153774272471,8.755545742634303E-4
197,9.883719111327286E-4,7.734620776708429E-4
202,0.0010104671786344526,8.177186075225408E-4
196,9.893681824660354E-4,7.831013101857988E-4
208,0.0010334707025866532,8.639369522666956E-4
197,9.951203157061753E-4,7.914423324805581E-4
198,9.988895408722634E-4,8.008375539722769E-4
204,0.001019695837031275,8.380761257727234E-4
184,9.332930030997341E-4,6.731040779147745E-4
217,0.0010742981113395526,9.44525297764821E-4
187,9.455250337773625E-4,6.990271042859899E-4
228,0.0011284724673052712,0.0010665861996271796
200,0.001004343680543429,8.089362000377026E-4
179,9.149478636843981E-4,6.476434255820485E-4
176,9.003839105646847E-4,6.217076276510108E-4
188,9.534178755638502E-4,7.126831880207056E-4
199,9.977738425678026E-4,7.936952542434366E-4
168,8.669667739095112E-4,5.678504528692082E-4
197,9.876173265296506E-4,7.737638206318829E-4
197,9.916923955313609E-4,7.808393733728404E-4
199,9.943189721092472E-4,7.859376498374874E-4
221,0.0010909227383651729,9.770121818072346E-4
202,0.0010132139250270305,8.236647578354883E-4
181,9.219037148628391E-4,6.589591377325658E-4
199,9.98269552889294E-4,7.970918069245449E-4
192,9.682624132776799E-4,7.395586376007855E-4
201,0.0010073861368543808,8.104990130351755E-4
196,9.831881667702953E-4,7.647843549005162E-4
225,0.0011091478042273275,0.0010149220548814474
177,9.044151350025583E-4,6.292039551534912E-4
198,9.927084797576678E-4,7.844150138235696E-4
208,0.0010344874778954398,8.681576867675594E-4
192,9.682280651847936E-4,7.436499149982733E-4
196,9.872898474136355E-4,7.743522515242536E-4
191,9.661660159691349E-4,7.36118551603259E-4
204,0.0010185467981059276,8.346847075273673E-4
209,0.0010444050746688366,8.889168398831441E-4
191,9.64177175288699E-4,7.328607926629751E-4
175,8.947495556287423E-4,6.101383523878052E-4
187,9.432103451101052E-4,6.953842764117046E-4
197,9.936704898559562E-4,7.906224130533815E-4
201,0.0010093427358158177,8.150283540666418E-4
201,0.0010071770108261815,8.129371278886587E-4
212,0.0010572342923207227,9.089315921103834E-4
202,0.0010065684314376916,8.064179976691071E-4
196,9.887446303969497E-4,7.75623626635454E-4
184,9.368220335884723E-4,6.842766600277852E-4
201,0.0010072074395625062,8.12458109054512E-4
204,0.0010135966401671132,8.237423227413285E-4
180,9.168744452440844E-4,6.495849472279354E-4
183,9.307011557802269E-4,6.738864307924893E-4
201,0.0010021550063945904,8.004598929010719E-4
202,0.0010100877194154977,8.156744662959463E-4
201,0.0010018557504066043,7.919201180845963E-4
189,9.559343018977857E-4,7.217155399597921E-4
178,9.06158741495169E-4,6.298740047387229E-4
206,0.0010236359778711469,8.432168870419226E-4
196,9.846966387846332E-4,7.694256643038395E-4
206,0.0010250216103459193,8.404391503397954E-4
204,0.001019205500650403,8.32274258809818E-4
216,0.0010707944497404687,9.385334103736227E-4
201,0.0010094879861470933,8.186635074466275E-4
178,9.050221757045557E-4,6.264000824262223E-4
183,9.269269287912476E-4,6.666640856719825E-4
199,9.905359020159499E-4,7.817279431945188E-4
201,0.0010039648997328151,8.081695030772763E-4
202,0.0010122636619487773,8.231485534586821E-4
176,8.969145154978272E-4,6.12041830255426E-4
192,9.631446641185222E-4,7.28420710190267E-4
195,9.79684962625903E-4,7.587408781396399E-4
210,0.001038957584100573,8.714911973578677E-4
193,9.737855132804734E-4,7.52131637157615E-4
195,9.830145839075845E-4,7.701507384827078E-4
199,9.946882979414606E-4,7.875939198704488E-4
187,9.465302677323705E-4,7.030336464617423E-4
201,0.0010110225007140658,8.232137743266813E-4
196,9.819681411999816E-4,7.638525830655828E-4
201,0.0010128826467389422,8.297985776480069E-4
191,9.667956032850845E-4,7.368274591160105E-4
203,0.0010141840920471325,8.272613652591012E-4
204,0.001024991143297649,8.462026899457968E-4
196,9.88274252831029E-4,7.754530006236328E-4
189,9.556327193435946E-4,7.18493418965636E-4
201,0.001008556317011602,8.141397615616795E-4
200,0.0010010161550681447,8.045179635284917E-4
223,0.0011035402288098926,0.0010081947642112952
164,8.482942848035516E-4,5.385220878343467E-4
200,0.0010054139060623314,8.09276891881673E-4
192,9.721371792376855E-4,7.501187125063264E-4
209,0.0010405500004555639,8.796459753596993E-4
169,8.680875505597812E-4,5.634539406792524E-4
214,0.0010617421942571827,9.195237566871186E-4
186,9.416701522113895E-4,6.930123566605025E-4
204,0.0010158257130654126,8.262535643771692E-4
218,0.0010741770096282237,9.421283505709996E-4
215,0.0010656759103095839,9.270301462819582E-4
193,9.696117595194363E-4,7.455373556088765E-4
184,9.379605701821033E-4,6.835364807210205E-4
194,9.753219958255855E-4,7.54262145428574E-4
187,9.482285604065663E-4,7.018299349061247E-4
192,9.637307617557975E-4,7.280032457689118E-4
182,9.222336260595274E-4,6.600680900202842E-4
201,0.0010052966448502454,8.119906624038922E-4
205,0.0010188600728767983,8.343628648197491E-4
187,9.456258052537133E-4,6.93784537057236E-4
196,9.835504210166772E-4,7.699902000090749E-4
201,0.0010062305213453565,8.111317561519566E-4
220,0.0010910629666783438,9.805622475724024E-4
193,9.718227971668323E-4,7.445749040191176E-4
209,0.0010401252192727658,8.797064593644359E-4
188,9.529218234229134E-4,7.146238498262188E-4
192,9.694478325269235E-4,7.401268555747417E-4
186,9.401370633798006E-4,6.881999268139974E-4
191,9.672763424114816E-4,7.409387129980569E-4
221,0.001089867333578655,9.796998233160287E-4
227,0.0011215816294903001,0.0010459935060467183
192,9.703979999410457E-4,7.484323128139251E-4
196,9.845614957072091E-4,7.705339550424258E-4
198,9.911133611289278E-4,7.785315217552639E-4
195,9.808295537348695E-4,7.663140818305627E-4
176,8.968046655255892E-4,6.159015499033416E-4
189,9.567591391707455E-4,7.187379661557215E-4
208,0.001032705978217198,8.619810566716527E-4
186,9.412446112420833E-4,6.923117983215534E-4
212,0.0010600608073607512,9.213048250196192E-4
216,0.0010787404768371769,9.58561453546698E-4
205,0.001020754663579606,8.353249426622925E-4
206,0.0010234593385638417,8.408368740907518E-4
191,9.625087067072179E-4,7.257797823272304E-4
197,9.906759421699706E-4,7.804073363438014E-4
183,9.275797455709547E-4,6.681821559789117E-4
196,9.949352070326046E-4,7.92358037596569E-4
193,9.712599217978774E-4,7.478720819452943E-4
193,9.789747484618017E-4,7.645057442731709E-4
199,0.001004951706208568,8.100736103271084E-4
217,0.0010720574559093012,9.411195422439447E-4
207,0.0010365148735552148,8.71648100007028E-4
192,9.677777844580823E-4,7.394864994362774E-4
202,0.001010455902903722,8.210727034786532E-4
205,0.0010266486655614766,8.484495711670785E-4
215,0.0010647864770491563,9.232952438571868E-4
190,9.64670241902919E-4,7.340622272264176E-4
199,9.972955523715088E-4,7.918887344666055E-4
173,8.873676128291509E-4,5.977932537727836E-4
188,9.476264547183174E-4,7.063792616865007E-4
183,9.26896484305273E-4,6.688402204910146E-4
217,0.001073716274735491,9.406902541521747E-4
206,0.0010295780068482435,8.580730633046484E-4
195,9.86575373045202E-4,7.758973503097812E-4
194,9.823751385339182E-4,7.69057140146915E-4
190,9.602551702913354E-4,7.25428936490287E-4
199,9.922321825069236E-4,7.774763356453941E-4
199,9.988444021978874E-4,7.997131424238657E-4
199,9.986333580145293E-4,7.994893206317912E-4
209,0.001038740658210761,8.694781829062093E-4
204,0.0010141868539736301,8.250929887707963E-4
218,0.0010780817021120678,9.55138128681526E-4
229,0.0011233231521311248,0.0010462931567918872
197,9.939507651903997E-4,7.894022378588154E-4
197,9.905351620340009E-4,7.817886202398331E-4
171,8.806264406952101E-4,5.894427538715752E-4
206,0.0010289189206800808,8.553730094612966E-4
213,0.0010609294127034948,9.23608629515913E-4
202,0.0010106612086565336,8.196375619820056E-4
192,9.660605771341865E-4,7.370715608680637E-4
204,0.0010191832279251853,8.356472364672271E-4
214,0.0010657761988476502,9.278865835554251E-4
202,0.0010074997187427557,8.090470535087148E-4
196,9.863528562139492E-4,7.723633566157379E-4
194,9.775449025893955E-4,7.58626389689215E-4
216,0.0010725644332980901,9.374208144436358E-4
212,0.0010550259469394635,9.020630955737238E-4
213,0.0010583959484758093,9.157802306448904E-4
198,9.915983405236733E-4,7.799872879924771E-4
200,0.0010028439913231525,8.05225794239029E-4
201,0.0010096143487234855,8.19852702366078E-4
204,0.001020141559756623,8.343422246623535E-4
195,9.865025326009477E-4,7.739388644479898E-4
208,0.0010350027643345663,8.631889339891415E-4
194,9.800708272905976E-4,7.644603382553972E-4
192,9.652121795746079E-4,7.330323290195933E-4
188,9.50393583311051E-4,7.081989193453973E-4
187,9.482166901887255E-4,7.044848827744388E-4
182,9.247649454330776E-4,6.591522519517809E-4
177,9.067146563162127E-4,6.356853719274157E-4
196,9.850194900286246E-4,7.679131159310331E-4
189,9.545901661267617E-4,7.124182952841359E-4
200,0.0010010177138446064,8.012050935365695E-4
169,8.690287665415353E-4,5.706693757644272E-4
204,0.0010211734692711309,8.373456721351282E-4
196,9.867163393903612E-4,7.753073613890756E-4
197,9.882887187087986E-4,7.734403848188182E-4
213,0.0010561497262852467,9.075732845186048E-4
205,0.0010249355661227483,8.434586548605639E-4
196,9.903110030867119E-4,7.805494980084171E-4
197,9.843211507044012E-4,7.698451740500832E-4
206,0.0010226760012690052,8.34526865313203E-4
215,0.0010701886897593223,9.381806546776879E-4
201,0.0010079205657584668,8.11540155641604E-4
207,0.0010326674884425654,8.611789313971503E-4
167,8.588754505695862E-4,5.526751186230086E-4
213,0.0010612589712076005,9.206839238040572E-4
190,9.611322564758403E-4,7.321284157828868E-4
183,9.305501748712176E-4,6.729646351685515E-4
184,9.318165772301428E-4,6.731664025197686E-4
197,9.923380569564154E-4,7.820783776671747E-4
193,9.771565232548495E-4,7.55247464503574E-4
205,0.0010254035936043627,8.489332256169418E-4
181,9.232976996044663E-4,6.662203298755661E-4
183,9.321157134596326E-4,6.759710536851833E-4
194,9.761393455611801E-4,7.542972477790333E-4
202,0.0010147336879868431,8.246809142824828E-4
189,9.487168669753045E-4,6.999471347480782E-4
197,9.898589903440012E-4,7.808601456317413E-4
212,0.0010629042627101528,9.289467097010643E-4
197,9.866165890994466E-4,7.713905552389453E-4
234,0.0011430606412479046,0.0010890697728184275
192,9.681689702753951E-4,7.421660386840446E-4
217,0.001073048213436229,9.446012647673892E-4
196,9.88318988185225E-4,7.780942150039155E-4
207,0.0010276798404851492,8.467793042736936E-4
199,9.963076346378448E-4,7.91042792016792E-4
213,0.0010569001037816755,9.101469895482378E-4
207,0.0010330340114109828,8.649912395968579E-4
195,9.826635159535806E-4,7.679710835332736E-4
203,0.0010225263595931133,8.460290292496981E-4
217,0.0010755275210902508,9.456813619694723E-4
213,0.0010656485631059494,9.242857816269971E-4
200,0.0010030308358942178,8.051379304015683E-4
203,0.0010182660032751372,8.315779030748781E-4
223,0.0010981315824563635,9.955858519291587E-4
193,9.768688182222429E-4,7.613253243860654E-4
199,9.974906563366343E-4,7.957812537128257E-4
194,9.78157757906591E-4,7.5956007911277E-4
182,9.24505067687315E-4,6.603501426311248E-4
216,0.00107239659949498,9.448402621670267E-4
195,9.886820885841726E-4,7.801418125786426E-4
208,0.0010371050093119405,8.724707356037145E-4
218,0.0010851024118010803,9.719823353668053E-4
180,9.167005397922433E-4,6.492326231858663E-4
215,0.001059775491694414,9.10967436322298E-4
208,0.0010399509506762044,8.732489436393237E-4
208,0.0010329666613096782,8.640410500681938E-4
183,9.315047514211609E-4,6.763566229211829E-4
189,9.573934538358206E-4,7.192041505566E-4
209,0.0010431399887330895,8.86211705213003E-4
205,0.0010247238931122705,8.454576317641399E-4
202,0.0010074481733200042,8.14667636556252E-4
188,9.531097255576775E-4,7.152321233516647E-4
196,9.854095900345041E-4,7.710005791638904E-4
196,9.879235172313564E-4,7.765613821758769E-4
187,9.463669043999471E-4,7.030073026435034E-4
207,0.0010315247013976479,8.581879638394277E-4
197,9.956458348339822E-4,7.944962209528017E-4
190,9.565546373438269E-4,7.107609757098993E-4
202,0.0010124405229058294,8.223903531668315E-4
204,0.0010105840587900765,8.104128004942123E-4
202,0.0010066655866615096,8.079675620933909E-4
185,9.351005363658892E-4,6.822343433360513E-4
203,0.0010089607122121295,8.116912210861582E-4
196,9.854419603566402E-4,7.723901079892021E-4
202,0.0010079716419829669,8.09547063850005E-4
185,9.397476812550288E-4,6.906501586612179E-4
191,9.702879627748679E-4,7.444627108524231E-4
214,0.0010665309999591788,9.324527661706343E-4
210,0.0010413354484862488,8.735908336114228E-4
196,9.87731279410363E-4,7.778970910123944E-4
172,8.784636468272684E-4,5.838876397359785E-4
214,0.0010621910323521848,9.196884467489924E-4
214,0.001056792108961661,9.091481133094892E-4
208,0.0010368597510902252,8.709257647558984E-4
194,9.799030339693792E-4,7.662209643428314E-4
192,9.727526722854615E-4,7.509060283892279E-4
203,0.001016371497773526,8.281211283805655E-4
185,9.412428850265029E-4,6.973953252248036E-4
210,0.0010484237706158488,8.955483930847436E-4
197,9.9250639250144E-4,7.83354936484312E-4
216,0.0010705908178748626,9.319722696810624E-4
192,9.691937995096585E-4,7.427284560205516E-4
214,0.0010608551257624056,9.157472416822316E-4
234,0.001147939127244068,0.0011037954356532952
195,9.76590396802325E-4,7.518269976055904E-4
186,9.500148350910396E-4,7.087029626038793E-4
216,0.0010682855548911061,9.306924666730026E-4
212,0.0010498533170161875,8.997579063761219E-4
216,0.0010663323439655467,9.286807622403673E-4
197,9.88196306589059E-4,7.742959206104115E-4
189,9.543658375901058E-4,7.099699416164813E-4
214,0.001059949910163307,9.159941808403156E-4
219,0.0010804516560541562,9.556218859279573E-4
204,0.0010202076541668778,8.332346716644877E-4
187,9.467064403213463E-4,6.989946515288432E-4
201,0.0010034170979769798,8.007415742606014E-4
197,9.951741678057501E-4,7.954725215824212E-4
198,9.996016122349504E-4,8.011758428028501E-4
220,0.0010931528731607872,9.848058273917275E-4
188,9.521673728122758E-4,7.130070229507783E-4
225,0.0011068896998424206,0.0010143760078049954
192,9.696955350270227E-4,7.392472273163869E-4
199,0.0010007716460632625,7.986746798467283E-4
199,9.943453293809901E-4,7.893369191690752E-4
187,9.499446514114902E-4,7.106853278613525E-4
199,0.001000106237680888,7.963003857326097E-4
201,0.0010076764410637546,8.105434903455071E-4
212,0.0010534852532173588,8.994322062272054E-4
208,0.0010451525783078531,8.871932380805083E-4
215,0.0010667861581556816,9.31477017838959E-4
186,9.426904357355893E-4,6.920219525113042E-4
208,0.001036023511381951,8.692629699749596E-4
219,0.0010830291076113238,9.618218927243131E-4
204,0.0010154848204382157,8.248320178688859E-4
197,9.940114417014221E-4,7.842276981215847E-4
194,9.788189622697441E-4,7.62484819076023E-4
208,0.0010402940730273216,8.788656415777268E-4
206,0.0010244270165122276,8.4029605108036E-4
195,9.881895103609054E-4,7.820638737026552E-4
192,9.671343301834995E-4,7.432852839341892E-4
200,0.0010005412657519835,8.007594854784563E-4
197,9.913524232658343E-4,7.808672201069986E-4
216,0.0010676981256836175,9.325010087599566E-4
190,9.545943435156615E-4,7.11422641836793E-4
192,9.649461614785128E-4,7.319815102711034E-4
209,0.0010397753863698818,8.73596583019325E-4
197,9.881333190933927E-4,7.790752644538345E-4
198,9.958687874872035E-4,7.913210309210872E-4
212,0.0010575070270957736,9.127967997652385E-4
202,0.0010127806140241922,8.290569929957445E-4
189,9.533602942229332E-4,7.100036592197722E-4
204,0.001019611575046753,8.36917191330005E-4
179,9.103971460124423E-4,6.373267820020781E-4
200,9.982164647846512E-4,7.904406733441955E-4
191,9.601500785197308E-4,7.237369213063568E-4
194,9.772643432048487E-4,7.589082183103449E-4
188,9.540137400725316E-4,7.134011955118825E-4
209,0.001042049356821733,8.792672389787305E-4
198,9.911560810609231E-4,7.795958952778431E-4
208,0.001043230643504138,8.856997301970574E-4
208,0.0010364864850908905,8.70087739507329E-4
187,9.409141329983588E-4,6.883990016791767E-4
209,0.001042758753169201,8.807506302705739E-4
199,9.986564548350257E-4,7.937545921515423E-4
215,0.0010660785098565006,9.245076655526612E-4
176,9.046202534541513E-4,6.302748201910905E-4
199,9.981460524178085E-4,7.95870032303595E-4
203,0.0010115106435259638,8.188892541479974E-4
200,0.0010005876560587191,7.967178598440353E-4
188,9.490818137568106E-4,7.074775205858604E-4
215,0.0010622711406070415,9.215788063647529E-4
203,0.0010160667262279978,8.319526244406122E-4
179,9.118863031624025E-4,6.415999655848255E-4
186,9.448967893808442E-4,6.971468591347142E-4
201,0.001007068214490877,8.130725007039188E-4
193,9.707334736208939E-4,7.409292118152853E-4
183,9.302800405690474E-4,6.715197387414445E-4
202,0.0010117206679254279,8.229966463117987E-4
210,0.0010447234795982522,8.858388589426765E-4
210,0.0010442706019658788,8.852529799847212E-4
214,0.0010564161414332487,9.05905334649514E-4
189,9.579895715938642E-4,7.236792691322668E-4
215,0.0010703921342411706,9.403109780971875E-4
215,0.001062580948928235,9.202834402196587E-4
194,9.791603232908379E-4,7.616868186931209E-4
192,9.694594691753046E-4,7.461099507133269E-4
193,9.758902845937779E-4,7.56069442036766E-4
199,9.961880964247287E-4,7.874610070025118E-4
188,9.467338092495836E-4,6.997741942953381E-4
188,9.50140906937708E-4,7.071203650132712E-4
183,9.220292796429049E-4,6.568961757825669E-4
219,0.0010782355968694092,9.523589803548256E-4
178,9.094976117633894E-4,6.416492820370286E-4
193,9.747284432561772E-4,7.523539466071162E-4
221,0.0010949744816143225,9.890586422125493E-4
204,0.0010217224175411896,8.42607490075855E-4
218,0.0010808437194637984,9.584770305986048E-4
205,0.0010253719287605409,8.485789090780158E-4
213,0.001054844183760408,9.044656521481567E-4
167,8.652140070723523E-4,5.662996572015318E-4
207,0.0010314806556657441,8.588766863752957E-4
204,0.0010152784767474125,8.238585134898551E-4
189,9.593318136260711E-4,7.235350550119087E-4
201,0.0010091561050412556,8.202354484589797E-4
195,9.782602372705E-4,7.599670692064075E-4
204,0.0010229335584332811,8.458621264322284E-4
196,9.892694413343181E-4,7.82619295321847E-4
212,0.001060024821641629,9.200214868247377E-4
206,0.0010304842330743657,8.569798802246221E-4
190,9.675985606026952E-4,7.453361453601688E-4
186,9.408845033574433E-4,6.90971925154673E-4
212,0.0010515295819533614,8.935678841315783E-4
